ID,pix001,pix002,pix003,pix004,pix005,pix006,pix007,pix008,pix009,pix010,pix011,pix012,pix013,pix014,pix015,pix016,pix017,pix018,pix019,pix020,pix021,pix022,pix023,pix024,pix025,pix026,pix027,pix028,pix029,pix030,pix031,pix032,pix033,pix034,pix035,pix036,pix037,pix038,pix039,pix040,pix041,pix042,pix043,pix044,pix045,pix046,pix047,pix048,pix049,pix050,pix051,pix052,pix053,pix054,pix055,pix056,pix057,pix058,pix059,pix060,pix061,pix062,pix063,pix064,pix065,pix066,pix067,pix068,pix069,pix070,pix071,pix072,pix073,pix074,pix075,pix076,pix077,pix078,pix079,pix080,pix081,pix082,pix083,pix084,pix085,pix086,pix087,pix088,pix089,pix090,pix091,pix092,pix093,pix094,pix095,pix096,pix097,pix098,pix099,pix100,pix101,pix102,pix103,pix104,pix105,pix106,pix107,pix108,pix109,pix110,pix111,pix112,pix113,pix114,pix115,pix116,pix117,pix118,pix119,pix120,pix121,pix122,pix123,pix124,pix125,pix126,pix127,pix128,pix129,pix130,pix131,pix132,pix133,pix134,pix135,pix136,pix137,pix138,pix139,pix140,pix141,pix142,pix143,pix144,pix145,pix146,pix147,pix148,pix149,pix150,pix151,pix152,pix153,pix154,pix155,pix156,pix157,pix158,pix159,pix160,pix161,pix162,pix163,pix164,pix165,pix166,pix167,pix168,pix169,pix170,pix171,pix172,pix173,pix174,pix175,pix176,pix177,pix178,pix179,pix180,pix181,pix182,pix183,pix184,pix185,pix186,pix187,pix188,pix189,pix190,pix191,pix192,pix193,pix194,pix195,pix196,pix197,pix198,pix199,pix200,pix201,pix202,pix203,pix204,pix205,pix206,pix207,pix208,pix209,pix210,pix211,pix212,pix213,pix214,pix215,pix216,pix217,pix218,pix219,pix220,pix221,pix222,pix223,pix224,pix225,pix226,pix227,pix228,pix229,pix230,pix231,pix232,pix233,pix234,pix235,pix236,pix237,pix238,pix239,pix240,pix241,pix242,pix243,pix244,pix245,pix246,pix247,pix248,pix249,pix250,pix251,pix252,pix253,pix254,pix255,pix256,pix257,pix258,pix259,pix260,pix261,pix262,pix263,pix264,pix265,pix266,pix267,pix268,pix269,pix270,pix271,pix272,pix273,pix274,pix275,pix276,pix277,pix278,pix279,pix280,pix281,pix282,pix283,pix284,pix285,pix286,pix287,pix288,pix289,pix290,pix291,pix292,pix293,pix294,pix295,pix296,pix297,pix298,pix299,pix300,pix301,pix302,pix303,pix304,pix305,pix306,pix307,pix308,pix309,pix310,pix311,pix312,pix313,pix314,pix315,pix316,pix317,pix318,pix319,pix320,pix321,pix322,pix323,pix324,pix325,pix326,pix327,pix328,pix329,pix330,pix331,pix332,pix333,pix334,pix335,pix336,pix337,pix338,pix339,pix340,pix341,pix342,pix343,pix344,pix345,pix346,pix347,pix348,pix349,pix350,pix351,pix352,pix353,pix354,pix355,pix356,pix357,pix358,pix359,pix360,pix361,pix362,pix363,pix364,pix365,pix366,pix367,pix368,pix369,pix370,pix371,pix372,pix373,pix374,pix375,pix376,pix377,pix378,pix379,pix380,pix381,pix382,pix383,pix384,pix385,pix386,pix387,pix388,pix389,pix390,pix391,pix392,pix393,pix394,pix395,pix396,pix397,pix398,pix399,pix400,pix401,pix402,pix403,pix404,pix405,pix406,pix407,pix408,pix409,pix410,pix411,pix412,pix413,pix414,pix415,pix416,pix417,pix418,pix419,pix420,pix421,pix422,pix423,pix424,pix425,pix426,pix427,pix428,pix429,pix430,pix431,pix432,pix433,pix434,pix435,pix436,pix437,pix438,pix439,pix440,pix441,pix442,pix443,pix444,pix445,pix446,pix447,pix448,pix449,pix450,pix451,pix452,pix453,pix454,pix455,pix456,pix457,pix458,pix459,pix460,pix461,pix462,pix463,pix464,pix465,pix466,pix467,pix468,pix469,pix470,pix471,pix472,pix473,pix474,pix475,pix476,pix477,pix478,pix479,pix480,pix481,pix482,pix483,pix484,pix485,pix486,pix487,pix488,pix489,pix490,pix491,pix492,pix493,pix494,pix495,pix496,pix497,pix498,pix499,pix500,pix501,pix502,pix503,pix504,pix505,pix506,pix507,pix508,pix509,pix510,pix511,pix512,pix513,pix514,pix515,pix516,pix517,pix518,pix519,pix520,pix521,pix522,pix523,pix524,pix525,pix526,pix527,pix528,pix529,pix530,pix531,pix532,pix533,pix534,pix535,pix536,pix537,pix538,pix539,pix540,pix541,pix542,pix543,pix544,pix545,pix546,pix547,pix548,pix549,pix550,pix551,pix552,pix553,pix554,pix555,pix556,pix557,pix558,pix559,pix560,pix561,pix562,pix563,pix564,pix565,pix566,pix567,pix568,pix569,pix570,pix571,pix572,pix573,pix574,pix575,pix576,pix577,pix578,pix579,pix580,pix581,pix582,pix583,pix584,pix585,pix586,pix587,pix588,pix589,pix590,pix591,pix592,pix593,pix594,pix595,pix596,pix597,pix598,pix599,pix600,pix601,pix602,pix603,pix604,pix605,pix606,pix607,pix608,pix609,pix610,pix611,pix612,pix613,pix614,pix615,pix616,pix617,pix618,pix619,pix620,pix621,pix622,pix623,pix624,pix625,pix626,pix627,pix628,pix629,pix630,pix631,pix632,pix633,pix634,pix635,pix636,pix637,pix638,pix639,pix640,pix641,pix642,pix643,pix644,pix645,pix646,pix647,pix648,pix649,pix650,pix651,pix652,pix653,pix654,pix655,pix656,pix657,pix658,pix659,pix660,pix661,pix662,pix663,pix664,pix665,pix666,pix667,pix668,pix669,pix670,pix671,pix672,pix673,pix674,pix675,pix676,pix677,pix678,pix679,pix680,pix681,pix682,pix683,pix684,pix685,pix686,pix687,pix688,pix689,pix690,pix691,pix692,pix693,pix694,pix695,pix696,pix697,pix698,pix699,pix700,pix701,pix702,pix703,pix704,pix705,pix706,pix707,pix708,pix709,pix710,pix711,pix712,pix713,pix714,pix715,pix716,pix717,pix718,pix719,pix720,pix721,pix722,pix723,pix724,pix725,pix726,pix727,pix728,pix729,pix730,pix731,pix732,pix733,pix734,pix735,pix736,pix737,pix738,pix739,pix740,pix741,pix742,pix743,pix744,pix745,pix746,pix747,pix748,pix749,pix750,pix751,pix752,pix753,pix754,pix755,pix756,pix757,pix758,pix759,pix760,pix761,pix762,pix763,pix764,pix765,pix766,pix767,pix768,pix769,pix770,pix771,pix772,pix773,pix774,pix775,pix776,pix777,pix778,pix779,pix780,pix781,pix782,pix783,pix784
ID_01,0,0,0,0,0,0,0,0,0,0,0,0,0,0,0,0,0,0,0,0,0,0,0,0,0,0,0,0,0,0,0,0,0,0,0,0,0,0,0,0,0,0,0,0,0,0,0,0,0,0,0,0,0,0,0,0,0,0,0,0,0,0,0,0,0,0,0,0,49,138,86,22,0,0,0,0,0,0,0,0,0,0,0,0,0,0,0,0,0,0,0,0,0,0,0,0,184,252,252,245,140,13,0,0,0,0,0,0,0,0,0,0,0,0,0,0,0,0,0,0,0,0,0,0,153,252,252,253,252,171,13,0,0,0,0,0,0,0,0,0,0,0,0,0,0,0,0,0,0,0,0,0,13,139,160,253,252,252,173,9,0,0,0,0,0,0,0,0,0,0,0,0,0,0,0,0,0,0,0,0,0,0,0,33,137,221,252,75,0,0,0,0,0,0,0,0,0,0,0,0,0,0,0,0,0,0,0,0,0,0,0,0,0,123,253,253,0,0,0,0,0,0,0,0,0,0,0,0,0,0,0,0,0,0,0,0,0,0,0,0,0,25,223,252,95,0,0,0,0,0,0,0,0,0,0,0,0,0,0,0,0,0,0,0,0,0,0,0,0,0,207,252,230,0,0,0,0,0,0,0,0,0,0,0,0,0,0,0,0,0,0,0,0,0,0,0,0,0,207,252,230,0,0,0,0,0,0,0,0,0,0,0,0,0,0,0,0,0,0,0,32,74,0,11,116,146,248,252,230,0,0,0,0,0,0,0,0,0,0,0,0,0,36,138,180,253,255,253,253,253,253,255,253,253,253,253,233,19,0,0,0,0,0,0,0,0,0,0,0,36,219,252,252,252,253,252,252,252,252,253,252,252,252,252,253,236,65,0,0,0,0,0,0,0,0,0,0,170,252,252,252,252,253,252,252,252,252,253,252,252,252,252,253,252,234,65,0,0,0,0,0,0,0,0,0,253,252,252,252,252,253,252,227,160,160,169,252,252,252,252,253,252,252,236,19,0,0,0,0,0,0,0,0,148,252,252,210,32,23,22,16,0,0,24,252,252,252,252,137,211,252,252,75,0,0,0,0,0,0,0,0,22,245,253,117,24,24,24,24,24,181,255,253,253,253,128,0,0,64,249,232,0,0,0,0,0,0,0,0,0,161,252,252,252,253,252,252,252,252,253,252,252,193,8,0,0,0,75,8,0,0,0,0,0,0,0,0,0,65,202,252,252,253,252,252,252,252,253,252,233,64,0,0,0,0,0,0,0,0,0,0,0,0,0,0,0,0,13,139,244,253,252,252,252,252,245,160,64,0,0,0,0,0,0,0,0,0,0,0,0,0,0,0,0,0,0,0,21,23,96,137,137,85,21,0,0,0,0,0,0,0,0,0,0,0,0,0,0,0,0,0,0,0,0,0,0,0,0,0,0,0,0,0,0,0,0,0,0,0,0,0,0,0,0,0,0,0,0,0,0,0,0,0,0,0,0,0,0,0,0,0,0,0,0,0,0,0,0,0,0,0,0,0,0,0,0,0,0,0,0,0,0,0,0,0,0,0,0,0,0,0,0,0,0,0,0,0,0,0,0,0,0,0,0,0,0,0,0,0,0,0,0,0,0,0,0,0,0,0,0,0,0,0,0,0,0,0,0,0,0,0,0,0,0,0,0,0,0,0,0,0,0,0,0,0,0,0,0,0,0,0,0,0,0,0,0,0,0,0,0,0,0,0,0,0,0,0,0,0,0,0,0,0,0,0,0,0,0,0,0,0,0,0,0
ID_02,0,0,0,0,0,0,0,0,0,0,0,0,0,0,0,0,0,0,0,0,0,0,0,0,0,0,0,0,0,0,0,0,0,0,0,0,0,0,0,0,0,0,0,0,0,0,0,0,0,0,0,0,0,0,0,0,0,0,0,0,0,0,0,0,0,0,0,0,0,0,0,0,0,0,0,0,0,0,0,0,0,0,0,0,0,0,0,0,0,0,0,0,0,0,0,0,0,0,0,0,0,153,254,203,19,0,0,0,0,0,0,0,0,0,0,0,0,0,0,0,0,0,0,0,0,0,0,5,181,254,253,223,31,0,0,0,0,0,0,0,0,0,0,0,0,0,0,0,0,0,0,0,0,0,0,108,253,254,189,42,0,0,0,0,0,0,0,0,0,0,0,0,0,0,0,0,0,0,0,0,0,0,68,240,253,228,40,0,0,0,0,0,0,0,0,0,0,0,0,0,0,0,0,0,0,0,0,0,0,19,237,254,228,34,0,0,0,0,0,0,0,0,0,0,0,0,0,0,0,0,0,0,0,0,0,0,0,170,253,253,77,0,0,0,0,0,0,0,0,0,0,0,0,0,0,0,0,0,0,0,0,0,0,3,125,254,253,149,13,0,0,0,0,0,0,0,0,0,0,0,0,0,0,0,0,0,0,0,0,0,0,125,253,254,185,13,0,0,0,0,0,0,0,0,0,0,0,0,0,0,0,0,0,0,0,0,0,0,30,237,254,254,23,0,0,0,0,0,0,0,0,0,0,0,0,0,0,0,0,0,0,0,0,0,0,0,64,253,253,173,2,0,0,0,0,0,0,0,0,0,0,0,0,0,0,0,0,0,0,0,0,0,0,7,216,253,253,17,0,11,24,24,11,0,0,0,0,0,0,0,0,0,0,0,0,0,0,0,0,0,0,70,253,253,151,0,134,215,253,254,198,17,0,0,0,0,0,0,0,0,0,0,0,0,0,0,0,0,0,95,254,239,25,153,254,254,254,254,254,163,0,0,0,0,0,0,0,0,0,0,0,0,0,0,0,0,0,161,253,128,68,254,253,232,139,115,241,230,0,0,0,0,0,0,0,0,0,0,0,0,0,0,0,0,0,161,248,42,0,239,145,42,0,100,249,230,0,0,0,0,0,0,0,0,0,0,0,0,0,0,0,0,0,161,223,17,0,25,0,0,68,229,253,196,0,0,0,0,0,0,0,0,0,0,0,0,0,0,0,0,0,104,254,46,0,0,13,36,254,255,199,17,0,0,0,0,0,0,0,0,0,0,0,0,0,0,0,0,0,70,253,117,47,139,226,203,253,199,52,0,0,0,0,0,0,0,0,0,0,0,0,0,0,0,0,0,0,13,218,253,253,254,253,225,104,17,0,0,0,0,0,0,0,0,0,0,0,0,0,0,0,0,0,0,0,0,13,144,228,195,77,13,0,0,0,0,0,0,0,0,0,0,0,0,0,0,0,0,0,0,0,0,0,0,0,0,0,0,0,0,0,0,0,0,0,0,0,0,0,0,0,0,0,0,0,0,0,0,0,0,0,0,0,0,0,0,0,0,0,0,0,0,0,0,0,0,0,0,0,0,0,0,0,0,0,0,0,0,0,0,0,0,0,0,0,0,0,0,0,0,0,0,0,0,0,0,0,0,0,0,0,0,0,0,0,0,0,0,0,0,0,0,0,0,0,0,0,0,0,0,0,0,0,0,0,0,0,0,0,0,0,0,0,0,0,0,0,0,0,0,0,0,0,0,0,0,0,0,0,0,0,0,0,0
ID_03,0,0,0,0,0,0,0,0,0,0,0,0,0,0,0,0,0,0,0,0,0,0,0,0,0,0,0,0,0,0,0,0,0,0,0,0,0,0,0,0,0,0,0,0,0,0,0,0,0,0,0,0,0,0,0,0,0,0,0,0,0,0,0,0,0,0,0,0,0,0,0,0,0,0,0,0,0,0,0,0,0,0,0,0,0,0,0,0,0,0,0,0,0,0,0,0,0,0,0,0,0,0,0,0,0,0,0,0,0,0,0,0,0,0,0,0,0,0,0,0,0,0,0,0,0,0,0,0,0,0,0,0,0,0,0,0,0,0,0,0,0,0,0,0,0,0,0,0,0,0,0,0,0,0,0,0,0,0,0,0,0,0,0,0,0,0,0,0,0,0,0,0,0,0,0,0,0,0,53,210,141,23,0,0,0,0,0,0,0,0,0,0,0,0,0,0,0,0,0,0,0,0,0,0,0,0,168,254,254,228,128,4,0,0,0,0,0,0,0,0,0,0,0,0,0,0,0,0,0,0,0,0,0,0,99,251,254,254,254,159,0,0,0,0,0,0,0,0,0,0,0,0,0,0,0,0,0,0,0,0,0,0,0,185,255,254,254,246,90,0,0,0,0,0,0,0,0,0,0,0,0,0,0,0,0,0,0,0,0,0,0,13,156,224,254,254,250,59,0,0,0,0,0,0,0,0,0,0,0,0,0,0,0,0,0,0,0,0,0,0,0,15,159,254,254,171,15,0,0,0,0,0,0,0,0,0,0,0,0,0,0,0,0,0,0,0,0,0,0,0,31,223,254,254,30,0,0,0,0,0,0,0,0,0,0,0,0,0,0,0,0,0,0,0,0,0,0,0,0,57,248,254,85,0,0,0,0,0,0,0,0,0,0,0,0,0,0,0,0,0,0,0,0,0,0,0,0,0,138,254,129,0,0,0,0,0,0,0,0,0,0,0,0,0,0,0,0,0,0,0,0,0,0,0,0,0,135,254,90,0,0,0,0,0,0,0,0,0,0,0,0,0,0,0,0,0,0,0,0,0,0,0,0,25,232,254,89,0,0,0,0,0,0,0,0,0,0,0,0,0,0,0,0,0,0,0,0,0,0,0,0,124,254,254,30,0,0,0,0,0,0,0,0,0,0,0,0,0,0,0,0,0,0,0,0,0,0,0,50,240,248,73,5,0,0,0,0,0,0,0,0,0,0,0,0,0,0,0,0,0,0,0,0,0,0,0,133,254,184,0,0,0,0,0,0,0,0,0,0,0,0,0,0,0,0,0,0,0,0,0,0,0,0,143,249,225,20,0,0,0,0,0,0,0,0,0,0,0,0,0,0,0,0,0,0,0,0,0,0,0,138,253,221,94,0,0,0,0,0,0,0,0,0,0,0,0,0,0,0,0,0,0,0,0,0,0,0,183,250,234,128,0,0,0,0,0,0,0,0,0,0,0,0,0,0,0,0,0,0,0,0,0,0,11,25,240,255,69,0,0,0,0,0,0,0,0,0,0,0,0,0,0,0,0,0,0,0,0,0,0,0,127,175,241,96,1,0,0,0,0,0,0,0,0,0,0,0,0,0,0,0,0,0,0,0,0,0,0,0,130,181,52,0,0,0,0,0,0,0,0,0,0,0,0,0,0,0,0,0,0,0,0,0,0,0,0,0,0,0,0,0,0,0,0,0,0,0,0,0,0,0,0,0,0,0,0,0,0,0,0,0,0,0,0,0,0,0,0,0,0,0,0,0,0,0,0,0,0,0,0,0,0,0,0
ID_04,0,0,0,0,0,0,0,0,0,0,0,0,0,0,0,0,0,0,0,0,0,0,0,0,0,0,0,0,0,0,0,0,0,0,0,0,0,0,0,0,0,0,0,0,0,0,0,0,0,0,0,0,0,0,0,0,0,0,0,0,0,0,0,0,0,0,0,0,0,0,0,0,0,0,0,0,0,0,0,0,0,0,0,0,0,0,0,0,0,0,0,0,0,0,0,0,0,0,0,0,0,0,0,0,0,0,0,0,0,0,0,0,0,0,0,0,0,0,0,0,0,0,0,0,0,100,225,254,135,0,0,0,0,0,0,0,0,0,0,0,0,0,0,0,0,0,0,0,0,0,0,0,0,202,253,253,225,36,0,0,0,0,0,0,0,0,0,0,0,0,0,0,0,0,0,0,0,0,0,0,0,202,253,253,253,78,0,0,0,0,0,0,0,0,0,0,0,0,0,0,0,0,0,0,0,0,0,0,0,202,253,253,253,78,0,0,0,0,0,0,0,0,0,0,0,0,0,0,0,0,0,0,0,0,0,0,0,202,253,253,253,78,0,0,0,0,0,0,0,0,0,0,0,0,0,0,0,0,0,0,0,0,0,0,0,202,253,253,253,78,0,0,0,0,0,0,0,0,0,0,0,0,0,0,0,0,0,0,0,0,0,0,0,202,253,253,253,78,0,0,0,0,0,0,0,0,0,0,0,0,0,0,0,0,0,0,0,0,0,0,0,202,253,253,237,54,0,0,0,0,0,0,0,0,0,0,0,0,0,0,0,0,0,0,0,0,0,0,0,202,253,253,216,22,0,0,0,0,0,0,0,0,0,0,0,0,0,0,0,0,0,0,0,0,0,0,21,215,253,253,213,18,0,0,0,0,0,0,0,0,0,0,0,0,0,0,0,0,0,0,0,0,0,0,79,253,253,253,201,0,0,0,0,0,0,0,0,0,0,0,0,0,0,0,0,0,0,0,0,0,0,0,79,253,253,253,201,0,0,0,0,0,0,0,0,0,0,0,0,0,0,0,0,0,0,0,0,0,0,0,79,253,253,253,201,0,0,0,0,0,0,0,0,0,0,0,0,0,0,0,0,0,0,0,0,0,0,0,99,253,253,253,201,0,0,0,0,0,0,0,0,0,0,0,0,0,0,0,0,0,0,0,0,0,0,0,209,253,253,253,201,0,0,0,0,0,0,0,0,0,0,0,0,0,0,0,0,0,0,0,0,0,0,0,209,253,253,253,201,0,0,0,0,0,0,0,0,0,0,0,0,0,0,0,0,0,0,0,0,0,0,0,209,253,253,253,232,46,0,0,0,0,0,0,0,0,0,0,0,0,0,0,0,0,0,0,0,0,0,0,209,253,253,253,253,78,0,0,0,0,0,0,0,0,0,0,0,0,0,0,0,0,0,0,0,0,0,0,136,252,253,253,222,36,0,0,0,0,0,0,0,0,0,0,0,0,0,0,0,0,0,0,0,0,0,0,0,202,253,223,35,0,0,0,0,0,0,0,0,0,0,0,0,0,0,0,0,0,0,0,0,0,0,0,0,0,0,0,0,0,0,0,0,0,0,0,0,0,0,0,0,0,0,0,0,0,0,0,0,0,0,0,0,0,0,0,0,0,0,0,0,0,0,0,0,0,0,0,0,0,0,0,0,0,0,0,0,0,0,0,0,0,0,0,0,0,0,0,0,0,0,0,0,0,0,0,0,0,0,0,0,0,0,0,0,0,0,0,0,0,0,0,0,0,0,0,0,0,0,0,0,0,0,0
ID_05,0,0,0,0,0,0,0,0,0,0,0,0,0,0,0,0,0,0,0,0,0,0,0,0,0,0,0,0,0,0,0,0,0,0,0,0,0,0,0,0,0,0,0,0,0,0,0,0,0,0,0,0,0,0,0,0,0,0,0,0,0,0,0,0,0,0,0,0,0,0,0,0,0,0,0,0,0,0,0,0,0,0,0,0,0,0,0,0,0,0,0,0,0,0,0,0,0,0,0,0,0,0,0,0,0,0,0,0,0,0,0,0,0,0,0,0,0,0,0,0,0,0,0,0,0,0,0,0,0,0,0,0,0,0,0,0,0,0,0,0,0,0,0,0,0,0,0,0,0,0,16,104,141,141,255,253,253,253,192,116,7,0,29,29,7,0,0,0,0,0,0,0,0,0,0,0,19,157,216,252,252,252,253,252,252,252,253,252,56,0,228,252,187,19,0,0,0,0,0,0,0,0,0,0,123,252,253,252,252,252,253,252,252,252,253,252,171,10,141,252,252,153,0,0,0,0,0,0,0,0,0,26,222,252,253,252,252,252,253,227,139,190,253,252,252,28,91,252,252,252,0,0,0,0,0,0,0,0,16,216,253,253,251,225,137,63,0,0,0,101,114,163,113,88,204,253,253,253,0,0,0,0,0,0,0,0,29,252,252,252,200,0,0,0,0,0,0,0,0,0,82,243,253,252,252,252,0,0,0,0,0,0,0,0,66,252,252,164,25,0,0,0,0,0,0,0,10,160,240,252,253,252,252,214,0,0,0,0,0,0,0,0,241,252,252,90,0,0,0,0,0,26,113,213,229,252,252,252,253,252,127,15,0,0,0,0,0,0,0,0,192,253,253,253,63,0,0,0,204,253,253,253,254,253,253,253,226,88,0,0,0,0,0,0,0,0,0,0,60,234,252,252,207,169,119,169,253,252,252,252,253,252,252,227,38,0,0,0,0,0,0,0,0,0,0,0,0,82,252,252,253,252,252,252,253,252,252,252,253,252,148,31,0,0,0,0,0,0,0,0,0,0,0,0,0,7,203,252,253,252,252,252,253,252,252,202,128,28,6,0,0,0,0,0,0,0,0,0,0,0,0,0,16,216,253,253,254,253,253,253,254,253,106,0,0,0,0,0,0,0,0,0,0,0,0,0,0,0,0,0,54,252,252,252,253,252,252,252,253,252,56,0,0,0,0,0,0,0,0,0,0,0,0,0,0,0,0,0,229,252,252,252,206,118,196,252,253,252,94,0,0,0,0,0,0,0,0,0,0,0,0,0,0,0,0,0,253,252,252,202,13,0,10,228,253,252,168,0,0,0,0,0,0,0,0,0,0,0,0,0,0,0,0,0,192,253,253,253,242,141,141,241,254,253,253,78,0,0,0,0,0,0,0,0,0,0,0,0,0,0,0,0,60,234,252,252,253,252,252,252,253,252,252,28,0,0,0,0,0,0,0,0,0,0,0,0,0,0,0,0,0,63,234,252,253,252,252,252,253,252,252,28,0,0,0,0,0,0,0,0,0,0,0,0,0,0,0,0,0,0,22,78,203,252,252,252,253,252,127,3,0,0,0,0,0,0,0,0,0,0,0,0,0,0,0,0,0,0,0,0,0,0,0,0,0,0,0,0,0,0,0,0,0,0,0,0,0,0,0,0,0,0,0,0,0,0,0,0,0,0,0,0,0,0,0,0,0,0,0,0,0,0,0,0,0,0,0,0,0,0,0,0,0,0,0,0,0,0,0,0,0,0,0,0,0,0,0,0,0,0,0,0,0,0
ID_06,0,0,0,0,0,0,0,0,0,0,0,0,0,0,0,0,0,0,0,0,0,0,0,0,0,0,0,0,0,0,0,0,0,0,0,0,0,0,0,0,0,0,0,0,0,0,0,0,0,0,0,0,0,0,0,0,0,0,0,0,0,0,0,0,0,0,0,0,0,0,0,0,0,0,0,0,0,0,0,0,0,0,0,0,0,0,0,0,0,0,0,0,0,0,0,0,0,0,0,0,0,0,0,0,0,0,0,0,0,0,0,0,0,0,0,0,0,0,0,0,0,0,0,0,0,0,0,0,0,0,0,0,0,0,0,0,0,0,0,0,0,0,0,0,0,0,0,0,0,0,16,53,144,144,193,144,144,21,0,0,0,0,0,0,0,0,0,0,0,0,0,0,0,0,0,0,0,92,214,253,253,253,254,253,253,204,23,0,0,0,0,0,0,0,0,0,0,0,0,0,0,0,0,0,46,244,253,236,154,154,154,180,253,253,88,0,0,0,0,0,0,0,0,0,0,0,0,0,0,0,0,0,56,253,185,9,0,0,0,3,212,253,88,0,0,0,0,0,0,0,0,0,0,0,0,0,0,0,0,0,20,218,131,0,0,0,0,44,238,253,88,0,0,0,0,0,0,0,0,0,0,0,0,0,0,0,0,0,0,43,29,0,0,0,12,180,253,246,57,0,0,0,0,0,0,0,0,0,0,0,0,0,0,0,0,0,0,0,0,0,0,0,134,253,253,82,0,0,0,0,0,0,0,0,0,0,0,0,0,0,0,0,0,0,0,0,0,0,0,68,211,253,236,52,0,0,0,0,0,0,0,0,0,0,0,0,0,0,0,0,0,0,0,0,0,0,24,203,254,233,59,0,0,0,0,0,0,0,0,0,0,0,0,0,0,0,0,0,0,0,0,0,0,0,174,253,225,24,0,0,0,0,0,0,0,0,0,0,0,0,0,0,0,0,0,0,0,0,0,0,0,0,174,254,241,67,6,0,0,0,0,0,0,0,0,0,0,0,0,0,0,0,0,0,0,0,0,0,0,0,24,202,254,253,146,32,0,0,0,0,0,0,0,0,0,0,0,0,0,0,0,0,0,0,0,0,0,0,0,68,211,253,253,173,35,0,0,0,0,0,0,0,0,0,0,0,0,0,0,0,0,0,0,0,0,0,0,0,21,198,250,253,145,0,0,0,0,0,0,0,0,0,0,0,0,0,0,0,0,0,0,0,0,0,0,0,0,0,210,253,198,0,0,0,0,0,0,0,0,0,0,0,0,0,0,0,0,0,0,0,0,0,0,0,0,24,225,253,198,0,0,0,0,0,0,0,0,0,0,0,0,0,0,0,0,0,0,0,0,0,0,10,137,238,253,248,93,0,0,0,0,0,0,0,0,0,0,0,0,0,0,0,0,0,0,0,41,64,155,241,255,253,173,47,0,0,0,0,0,0,0,0,0,0,0,0,0,0,0,0,0,0,0,66,248,253,253,253,244,99,12,0,0,0,0,0,0,0,0,0,0,0,0,0,0,0,0,0,0,0,0,89,253,253,171,95,29,0,0,0,0,0,0,0,0,0,0,0,0,0,0,0,0,0,0,0,0,0,0,0,0,0,0,0,0,0,0,0,0,0,0,0,0,0,0,0,0,0,0,0,0,0,0,0,0,0,0,0,0,0,0,0,0,0,0,0,0,0,0,0,0,0,0,0,0,0,0,0,0,0,0,0,0,0,0,0,0,0,0,0,0,0,0,0,0,0,0,0,0,0,0,0,0,0
ID_07,0,0,0,0,0,0,0,0,0,0,0,0,0,0,0,0,0,0,0,0,0,0,0,0,0,0,0,0,0,0,0,0,0,0,0,0,0,0,0,0,0,0,0,0,0,0,0,0,0,0,0,0,0,0,0,0,0,0,0,0,0,0,0,0,0,0,0,0,0,0,0,0,0,0,0,0,0,0,0,0,0,0,0,0,0,0,0,0,0,0,0,0,0,0,0,0,0,0,0,0,0,0,0,0,0,0,0,0,0,0,0,0,0,0,0,0,0,0,0,0,0,0,0,0,0,0,0,0,0,0,0,0,0,0,0,0,0,0,0,0,0,0,0,0,0,0,0,0,0,0,0,0,0,0,0,0,0,0,0,0,0,0,0,0,0,0,0,0,0,0,0,0,0,0,0,0,0,0,0,0,0,0,0,10,13,13,3,0,0,0,0,0,0,0,0,0,0,0,0,0,0,0,0,0,0,0,0,0,0,41,143,227,253,253,161,143,143,143,80,0,0,0,0,0,0,0,0,0,0,0,0,0,0,0,0,5,50,223,253,253,253,253,253,253,253,253,207,19,0,0,0,0,0,0,0,0,0,0,0,0,0,0,39,172,253,253,253,253,253,253,253,253,253,253,253,207,4,0,0,0,0,0,0,0,0,0,0,0,4,53,220,253,253,253,253,253,242,216,113,93,201,250,253,253,85,0,0,0,0,0,0,0,0,0,0,13,176,253,253,253,253,253,253,220,88,0,0,0,0,129,250,253,150,0,0,0,0,0,0,0,0,0,3,126,253,253,253,253,253,253,186,20,0,0,0,0,0,21,239,253,192,0,0,0,0,0,0,0,0,0,101,253,253,253,253,253,253,186,20,0,0,0,0,0,0,133,253,253,165,0,0,0,0,0,0,0,0,5,222,253,253,253,253,253,186,20,0,0,0,0,0,0,0,230,253,253,99,0,0,0,0,0,0,0,0,134,253,253,253,253,253,242,59,0,0,0,0,0,0,26,118,248,253,221,4,0,0,0,0,0,0,0,0,255,253,253,253,253,253,173,0,0,0,0,0,0,26,201,253,253,253,39,0,0,0,0,0,0,0,0,0,215,253,253,253,253,253,126,0,0,0,0,24,121,221,253,253,253,163,3,0,0,0,0,0,0,0,0,0,88,253,253,253,253,253,210,0,0,65,121,223,253,253,253,253,123,24,0,0,0,0,0,0,0,0,0,0,4,210,253,253,253,253,247,217,217,244,253,253,253,253,128,37,4,0,0,0,0,0,0,0,0,0,0,0,0,89,253,253,253,253,253,253,253,253,253,253,253,128,5,0,0,0,0,0,0,0,0,0,0,0,0,0,0,2,33,210,253,253,253,253,253,253,173,112,24,4,0,0,0,0,0,0,0,0,0,0,0,0,0,0,0,0,0,11,33,141,141,81,54,18,5,0,0,0,0,0,0,0,0,0,0,0,0,0,0,0,0,0,0,0,0,0,0,0,0,0,0,0,0,0,0,0,0,0,0,0,0,0,0,0,0,0,0,0,0,0,0,0,0,0,0,0,0,0,0,0,0,0,0,0,0,0,0,0,0,0,0,0,0,0,0,0,0,0,0,0,0,0,0,0,0,0,0,0,0,0,0,0,0,0,0,0,0,0,0,0,0,0,0,0,0,0,0,0,0,0,0,0,0,0,0,0,0,0,0,0,0,0,0,0,0,0,0,0,0,0,0,0,0,0,0,0,0,0,0,0,0,0,0,0,0,0,0,0,0,0,0,0,0,0,0,0,0
ID_08,0,0,0,0,0,0,0,0,0,0,0,0,0,0,0,0,0,0,0,0,0,0,0,0,0,0,0,0,0,0,0,0,0,0,0,0,0,0,0,0,0,0,0,0,0,0,0,0,0,0,0,0,0,0,0,0,0,0,0,0,0,0,0,0,0,0,0,0,0,0,0,0,0,0,0,0,0,0,0,0,0,0,0,0,0,0,0,0,0,0,0,0,0,0,0,0,0,0,0,0,0,0,0,0,0,0,0,0,0,0,0,0,0,0,0,0,0,0,0,0,0,0,0,0,0,0,0,0,0,0,0,0,0,0,0,0,0,0,0,0,0,0,0,0,0,0,0,0,0,0,24,76,200,209,169,137,13,0,0,0,0,0,0,0,0,0,0,0,0,0,0,0,0,0,0,0,0,120,228,254,254,254,254,254,119,0,0,0,0,0,0,0,0,0,0,0,0,0,0,0,0,0,0,0,121,251,254,250,195,140,182,254,247,43,0,0,0,0,0,0,0,0,0,0,0,0,0,0,0,0,0,0,126,254,254,59,0,0,93,254,244,40,0,0,0,0,0,0,0,0,0,0,0,0,0,0,0,0,0,0,21,65,65,15,0,0,128,254,160,0,0,0,0,0,0,0,0,0,0,0,0,0,0,0,0,0,0,0,0,0,0,0,0,26,226,254,83,0,0,0,0,0,0,0,0,0,0,0,0,0,0,0,0,0,0,0,0,0,0,0,25,139,254,165,0,0,0,0,0,0,0,0,0,0,0,0,0,0,0,0,0,0,0,0,0,0,0,150,225,254,254,215,30,0,0,0,0,0,0,0,0,0,0,0,0,0,0,0,0,0,0,0,0,0,0,183,238,242,254,254,215,31,0,0,0,0,0,0,0,0,0,0,0,0,0,0,0,0,0,0,0,0,0,0,0,20,92,221,254,219,30,0,0,0,0,0,0,0,0,0,0,0,0,0,0,0,0,0,0,0,0,0,0,0,0,28,186,254,204,0,0,0,0,0,0,0,0,0,0,0,0,0,0,0,0,0,0,0,0,0,0,0,0,0,62,250,230,7,0,0,0,0,0,0,0,0,0,0,0,0,0,0,0,0,55,116,0,0,0,0,0,0,0,207,254,81,0,0,0,0,0,0,0,0,0,0,0,0,0,0,0,0,82,252,121,0,0,0,0,0,0,207,254,81,0,0,0,0,0,0,0,0,0,0,0,0,0,0,0,0,73,252,232,32,0,0,0,0,7,212,252,73,0,0,0,0,0,0,0,0,0,0,0,0,0,0,0,0,0,154,254,192,15,0,0,0,88,254,227,0,0,0,0,0,0,0,0,0,0,0,0,0,0,0,0,0,0,30,254,254,112,0,0,9,203,254,93,0,0,0,0,0,0,0,0,0,0,0,0,0,0,0,0,0,0,5,187,254,252,157,33,191,254,200,5,0,0,0,0,0,0,0,0,0,0,0,0,0,0,0,0,0,0,0,15,183,254,254,254,254,254,81,0,0,0,0,0,0,0,0,0,0,0,0,0,0,0,0,0,0,0,0,0,13,91,169,254,152,74,7,0,0,0,0,0,0,0,0,0,0,0,0,0,0,0,0,0,0,0,0,0,0,0,0,0,0,0,0,0,0,0,0,0,0,0,0,0,0,0,0,0,0,0,0,0,0,0,0,0,0,0,0,0,0,0,0,0,0,0,0,0,0,0,0,0,0,0,0,0,0,0,0,0,0,0,0,0,0,0,0,0,0,0,0,0,0,0,0,0,0,0,0,0,0
ID_09,0,0,0,0,0,0,0,0,0,0,0,0,0,0,0,0,0,0,0,0,0,0,0,0,0,0,0,0,0,0,0,0,0,0,0,0,0,0,0,0,0,0,0,0,0,0,0,0,0,0,0,0,0,0,0,0,0,0,0,0,0,0,0,0,0,0,0,0,0,0,0,0,0,0,0,0,0,0,0,0,0,0,0,0,0,0,0,0,0,0,0,0,0,0,0,0,0,0,0,0,0,0,0,0,0,0,0,0,0,0,0,0,0,0,0,0,0,0,80,255,93,0,0,0,0,0,0,0,0,0,0,0,0,0,0,0,0,0,0,0,0,0,0,0,0,0,118,253,147,0,0,0,0,0,0,0,0,0,0,0,0,0,0,0,0,0,0,0,0,0,0,0,0,0,23,82,48,0,0,0,0,0,0,0,0,0,0,0,0,0,0,0,0,0,0,0,0,0,0,0,0,0,0,0,0,0,0,0,0,0,0,65,77,175,25,0,0,0,0,0,0,0,0,0,0,0,0,0,0,0,0,0,0,0,0,0,0,28,188,249,253,253,88,0,0,0,0,0,0,0,0,0,0,0,0,0,0,0,0,0,0,0,0,87,225,233,253,253,253,253,88,0,0,0,0,0,0,0,0,0,0,0,0,0,0,0,0,0,0,1,84,249,253,253,204,77,23,239,51,5,0,0,0,0,0,0,0,0,0,0,0,0,0,0,0,0,0,18,253,253,253,199,18,0,12,253,253,188,0,0,0,0,0,0,0,0,0,0,0,0,0,0,0,0,0,143,253,253,197,22,0,0,32,253,253,188,0,0,0,0,0,0,0,0,0,0,0,0,0,0,0,0,103,250,253,197,23,0,0,107,216,253,253,160,0,0,0,0,0,0,0,0,0,0,0,0,0,0,0,0,225,253,253,107,78,78,176,248,253,253,239,49,0,0,0,0,0,0,0,0,0,0,0,0,0,0,0,0,225,253,253,234,253,253,253,253,253,253,107,0,0,0,0,0,0,0,0,0,0,0,0,0,0,0,0,0,118,253,253,253,253,253,253,253,253,240,49,0,0,0,0,0,0,0,0,0,0,0,0,0,0,0,0,0,2,122,186,167,124,32,214,253,253,163,0,0,0,0,0,0,0,0,0,0,0,0,0,0,0,0,0,0,0,0,0,0,0,46,237,253,246,44,0,0,0,0,0,0,0,0,0,0,0,0,0,0,0,0,0,0,0,0,0,0,0,100,253,253,241,0,0,0,0,0,0,0,0,0,0,0,0,0,0,0,0,0,0,0,0,0,0,0,0,195,253,253,156,0,0,0,0,0,0,0,0,0,0,0,0,0,0,0,0,0,0,0,0,0,0,0,0,195,253,216,28,0,0,0,0,0,0,0,0,0,0,0,0,0,0,0,0,0,0,0,0,0,0,0,0,148,253,238,104,42,0,0,0,0,0,0,0,0,0,0,0,0,0,0,0,0,0,0,0,0,0,0,0,42,234,253,248,57,0,0,0,0,0,0,0,0,0,0,0,0,0,0,0,0,0,0,0,0,0,0,0,0,0,0,0,0,0,0,0,0,0,0,0,0,0,0,0,0,0,0,0,0,0,0,0,0,0,0,0,0,0,0,0,0,0,0,0,0,0,0,0,0,0,0,0,0,0,0,0,0,0,0,0,0,0,0,0,0,0,0,0,0,0,0,0,0,0,0,0,0,0,0,0,0,0,0,0,0,0,0,0,0,0,0,0,0,0,0,0,0,0,0,0,0,0,0,0,0,0,0
ID_10,0,0,0,0,0,0,0,0,0,0,0,0,0,0,0,0,0,0,0,0,0,0,0,0,0,0,0,0,0,0,0,0,0,0,0,0,0,0,0,0,0,0,0,0,0,0,0,0,0,0,0,0,0,0,0,0,0,0,0,0,0,0,0,0,0,0,0,0,0,0,0,0,0,0,0,0,0,0,0,0,0,0,0,0,0,0,0,0,0,0,0,0,0,0,0,0,0,0,0,0,0,0,0,0,0,0,0,0,0,0,0,0,0,0,0,0,0,0,0,0,0,0,0,0,115,201,226,159,83,45,0,0,0,0,0,0,0,0,0,0,0,0,0,0,0,0,0,0,0,0,0,120,253,254,254,254,254,245,84,7,0,0,0,0,0,0,0,0,0,0,0,0,0,0,0,0,0,0,0,178,254,138,67,67,111,254,254,57,0,0,0,0,0,0,0,0,0,0,0,0,0,0,0,0,0,0,0,34,224,106,0,10,138,254,255,57,0,0,0,0,0,0,0,0,0,0,0,0,0,0,0,0,0,0,0,0,22,22,8,101,254,254,227,31,0,0,0,0,0,0,0,0,0,0,0,0,0,0,0,0,0,0,0,0,0,0,111,254,254,254,51,0,0,0,0,0,0,0,0,0,0,0,0,0,0,0,0,0,0,0,0,0,0,108,252,254,252,111,1,0,0,0,0,0,0,0,0,0,0,0,0,0,0,0,0,0,0,0,0,0,0,104,254,254,85,0,0,0,0,0,0,0,0,0,0,0,0,0,0,0,0,0,0,0,0,0,0,0,0,5,167,254,150,0,0,0,0,0,0,0,0,0,0,0,0,0,0,0,0,0,0,0,0,0,0,0,0,0,5,164,250,118,5,0,0,0,0,0,0,0,0,0,0,0,0,0,0,0,0,0,0,0,0,0,0,0,0,25,226,254,143,0,0,0,0,0,0,0,0,0,0,0,0,0,0,0,0,0,0,0,0,0,0,0,0,0,41,254,242,39,0,0,0,0,0,0,0,0,0,0,0,0,0,0,0,0,0,0,0,0,0,0,0,0,10,254,254,57,0,0,0,0,0,0,0,0,0,0,0,0,0,0,0,0,0,0,0,0,0,0,0,0,54,254,254,57,0,0,0,0,0,0,0,0,0,0,0,0,0,0,0,0,25,3,0,0,0,0,0,29,237,254,244,41,0,0,0,0,0,0,0,0,0,0,0,0,0,0,9,130,226,8,0,0,0,0,56,228,254,254,150,0,0,0,0,0,0,0,0,0,0,0,0,0,0,0,58,254,169,1,0,0,23,107,236,254,254,158,6,0,0,0,0,0,0,0,0,0,0,0,0,0,0,0,43,245,254,167,164,164,250,254,254,243,143,0,0,0,0,0,0,0,0,0,0,0,0,0,0,0,0,0,0,82,254,254,254,254,254,254,231,111,0,0,0,0,0,0,0,0,0,0,0,0,0,0,0,0,0,0,0,6,62,155,202,254,200,117,20,0,0,0,0,0,0,0,0,0,0,0,0,0,0,0,0,0,0,0,0,0,0,0,0,0,0,0,0,0,0,0,0,0,0,0,0,0,0,0,0,0,0,0,0,0,0,0,0,0,0,0,0,0,0,0,0,0,0,0,0,0,0,0,0,0,0,0,0,0,0,0,0,0,0,0,0,0,0,0,0,0,0,0,0,0,0,0,0,0,0,0,0,0,0,0,0,0,0,0,0,0,0,0,0,0,0,0,0,0,0,0,0,0,0,0,0,0,0,0,0,0,0,0,0,0
ID_11,0,0,0,0,0,0,0,0,0,0,0,0,0,0,0,0,0,0,0,0,0,0,0,0,0,0,0,0,0,0,0,0,0,0,0,0,0,0,0,0,0,0,0,0,0,0,0,0,0,0,0,0,0,0,0,0,0,0,0,0,0,0,0,0,0,0,0,0,0,0,0,0,0,0,0,0,0,0,0,0,0,0,0,0,0,0,0,0,0,0,0,0,0,0,0,0,0,0,0,0,0,0,0,0,0,0,0,0,0,0,0,0,0,0,0,0,0,0,0,0,0,0,0,0,0,0,0,0,0,0,0,0,0,0,0,0,0,0,0,0,0,0,0,0,0,0,0,0,0,0,0,0,0,0,0,0,0,0,0,0,0,0,0,0,0,0,0,0,0,0,0,0,0,0,0,0,0,0,0,2,116,227,99,0,0,0,0,0,104,254,139,6,0,0,0,0,0,0,0,0,0,0,0,0,0,0,0,44,253,253,191,0,0,0,0,0,223,253,253,12,0,0,0,0,0,0,0,0,0,0,0,0,0,0,31,162,253,253,182,0,0,0,0,62,240,253,253,12,0,0,0,0,0,0,0,0,0,0,0,0,0,19,215,253,253,147,28,0,0,0,0,217,253,253,175,5,0,0,0,0,0,0,0,0,0,0,0,0,19,59,253,253,229,38,0,0,0,10,32,222,253,253,108,2,0,0,0,0,0,0,0,0,0,0,0,12,215,253,253,253,222,27,0,0,48,191,253,253,253,253,237,10,0,0,0,0,0,0,0,0,0,0,0,40,253,253,253,246,109,0,0,0,39,229,253,253,253,214,57,0,0,0,0,0,0,0,0,0,0,0,0,143,253,253,253,185,0,0,0,14,170,253,253,253,161,8,0,0,0,0,0,0,0,0,0,0,0,0,9,221,253,253,253,183,56,56,147,200,253,253,253,100,9,0,0,0,0,0,0,0,0,0,0,0,0,0,104,253,253,253,253,253,253,253,253,253,253,253,189,10,0,0,0,0,0,0,0,0,0,0,0,0,0,0,104,253,253,253,253,253,253,253,253,253,253,192,41,0,0,0,0,0,0,0,0,0,0,0,0,0,0,0,3,55,116,55,55,55,55,196,253,253,231,62,0,0,0,0,0,0,0,0,0,0,0,0,0,0,0,0,0,0,0,0,0,0,41,239,253,253,79,0,0,0,0,0,0,0,0,0,0,0,0,0,0,0,0,0,0,0,0,0,0,15,180,253,253,154,10,0,0,0,0,0,0,0,0,0,0,0,0,0,0,0,0,0,0,0,0,0,0,90,253,253,200,9,0,0,0,0,0,0,0,0,0,0,0,0,0,0,0,0,0,0,0,0,0,0,82,243,253,253,142,0,0,0,0,0,0,0,0,0,0,0,0,0,0,0,0,0,0,0,0,0,0,0,161,253,253,253,210,30,0,0,0,0,0,0,0,0,0,0,0,0,0,0,0,0,0,0,0,0,0,84,247,253,253,253,136,0,0,0,0,0,0,0,0,0,0,0,0,0,0,0,0,0,0,0,0,0,0,155,253,253,230,48,3,0,0,0,0,0,0,0,0,0,0,0,0,0,0,0,0,0,0,0,0,0,0,80,208,232,44,0,0,0,0,0,0,0,0,0,0,0,0,0,0,0,0,0,0,0,0,0,0,0,0,0,0,0,0,0,0,0,0,0,0,0,0,0,0,0,0,0,0,0,0,0,0,0,0,0,0,0,0,0,0,0,0,0,0,0,0,0,0,0,0,0,0,0,0,0,0,0
ID_12,0,0,0,0,0,0,0,0,0,0,0,0,0,0,0,0,0,0,0,0,0,0,0,0,0,0,0,0,0,0,0,0,0,0,0,0,0,0,0,0,0,0,0,0,0,0,0,0,0,0,0,0,0,0,0,0,0,0,0,0,0,0,0,0,0,0,0,0,0,0,0,0,0,0,0,0,0,0,0,0,0,0,0,0,0,0,0,0,0,0,0,0,0,0,0,0,0,0,0,0,0,0,0,0,0,0,0,0,0,0,0,0,0,0,0,0,0,0,0,0,0,0,0,0,0,0,0,0,0,0,0,0,0,0,0,0,0,0,0,0,0,0,0,0,0,0,0,0,0,0,0,0,0,0,0,0,0,0,0,0,0,0,0,0,0,0,0,0,0,0,0,0,0,0,0,0,0,0,0,24,24,24,118,191,255,253,253,169,3,0,0,0,0,0,0,0,0,0,0,0,0,0,0,30,47,140,161,253,252,252,252,252,253,252,252,252,22,0,0,0,0,0,0,0,0,0,0,0,0,0,49,228,252,252,252,253,252,252,195,183,131,227,252,227,16,0,0,0,0,0,0,0,0,0,0,0,0,0,44,252,252,252,210,161,87,45,9,0,9,194,252,160,0,0,0,0,0,0,0,0,0,0,0,0,0,0,3,75,22,22,12,0,0,0,0,0,24,252,252,108,0,0,0,0,0,0,0,0,0,0,0,0,0,0,0,0,0,0,0,0,0,0,0,0,149,253,247,42,0,0,0,0,0,0,0,0,0,0,0,0,0,0,0,0,0,0,0,0,0,0,0,22,253,252,162,0,0,0,0,0,0,0,0,0,0,0,0,0,0,0,0,0,0,0,0,0,0,0,0,116,253,252,69,0,0,0,0,0,0,0,0,0,0,0,0,0,0,0,0,0,0,0,0,0,0,0,0,210,253,214,13,0,0,0,0,0,0,0,0,0,0,0,0,0,0,0,0,0,0,0,0,0,0,0,136,250,253,206,85,116,116,127,230,199,210,73,0,0,0,0,0,0,0,0,0,0,7,24,128,149,253,253,253,253,255,253,253,253,253,255,239,230,188,63,0,0,0,0,0,0,0,0,0,9,155,252,252,253,252,252,252,252,253,223,206,206,102,92,33,0,0,0,0,0,0,0,0,0,0,0,0,130,252,252,252,215,196,252,252,252,122,25,0,0,0,0,0,0,0,0,0,0,0,0,0,0,0,0,0,161,252,218,108,21,26,221,252,157,0,0,0,0,0,0,0,0,0,0,0,0,0,0,0,0,0,0,0,88,189,35,0,0,47,252,252,137,0,0,0,0,0,0,0,0,0,0,0,0,0,0,0,0,0,0,0,0,0,0,0,0,47,253,253,23,0,0,0,0,0,0,0,0,0,0,0,0,0,0,0,0,0,0,0,0,0,0,0,0,47,252,252,22,0,0,0,0,0,0,0,0,0,0,0,0,0,0,0,0,0,0,0,0,0,0,0,0,47,252,252,22,0,0,0,0,0,0,0,0,0,0,0,0,0,0,0,0,0,0,0,0,0,0,0,0,47,252,252,65,0,0,0,0,0,0,0,0,0,0,0,0,0,0,0,0,0,0,0,0,0,0,0,0,26,168,252,85,0,0,0,0,0,0,0,0,0,0,0,0,0,0,0,0,0,0,0,0,0,0,0,0,0,0,0,0,0,0,0,0,0,0,0,0,0,0,0,0,0,0,0,0,0,0,0,0,0,0,0,0,0,0,0,0,0,0,0,0,0,0,0,0,0,0,0,0
ID_13,0,0,0,0,0,0,0,0,0,0,0,0,0,0,0,0,0,0,0,0,0,0,0,0,0,0,0,0,0,0,0,0,0,0,0,0,0,0,0,0,0,0,0,0,0,0,0,0,0,0,0,0,0,0,0,0,0,0,0,0,0,0,0,0,0,0,0,0,0,0,0,0,0,0,0,0,0,0,0,0,0,0,0,0,0,0,0,0,0,0,0,0,0,0,0,0,0,0,0,0,0,0,0,0,0,0,0,0,0,0,0,0,0,0,0,0,0,0,0,0,0,0,0,0,0,0,0,0,0,0,0,0,0,0,0,0,0,0,0,0,0,0,0,0,0,0,0,0,124,210,253,253,253,209,80,0,0,0,0,0,0,0,0,0,0,0,0,0,0,0,0,0,0,0,0,48,242,253,252,252,252,252,243,155,85,85,14,0,0,0,0,0,0,0,0,0,0,0,0,0,0,0,0,160,252,223,47,21,123,252,253,252,252,252,236,54,0,0,0,0,0,0,0,0,0,0,0,0,0,0,0,142,252,187,16,0,21,84,172,189,247,252,252,187,16,0,0,0,0,0,0,0,0,0,0,0,0,0,0,11,218,253,186,9,0,0,18,0,47,173,252,253,63,0,0,0,0,0,0,0,0,0,0,0,0,0,0,0,45,237,253,188,0,0,0,0,0,82,253,254,63,0,0,0,0,0,0,0,0,0,0,0,0,0,0,0,0,37,205,247,163,14,0,0,52,232,252,253,63,0,0,0,0,0,0,0,0,0,0,0,0,0,0,0,0,0,86,242,252,147,9,87,242,252,252,223,32,0,0,0,0,0,0,0,0,0,0,0,0,0,0,0,0,0,0,57,252,252,204,232,252,252,199,35,0,0,0,0,0,0,0,0,0,0,0,0,0,0,0,0,0,0,0,4,68,235,253,252,244,121,7,0,0,0,0,0,0,0,0,0,0,0,0,0,0,0,0,0,0,0,0,0,0,212,255,253,188,0,0,0,0,0,0,0,0,0,0,0,0,0,0,0,0,0,0,0,0,0,0,0,48,242,253,252,238,28,0,0,0,0,0,0,0,0,0,0,0,0,0,0,0,0,0,0,0,0,0,2,124,252,223,168,252,212,21,0,0,0,0,0,0,0,0,0,0,0,0,0,0,0,0,0,0,0,0,48,252,252,106,64,221,252,68,0,0,0,0,0,0,0,0,0,0,0,0,0,0,0,0,0,0,0,0,171,252,208,18,0,83,252,235,45,0,0,0,0,0,0,0,0,0,0,0,0,0,0,0,0,0,0,85,253,253,42,0,0,22,253,253,107,0,0,0,0,0,0,0,0,0,0,0,0,0,0,0,0,0,0,85,252,205,11,0,0,6,189,252,106,0,0,0,0,0,0,0,0,0,0,0,0,0,0,0,0,0,0,85,252,247,144,22,22,39,246,252,106,0,0,0,0,0,0,0,0,0,0,0,0,0,0,0,0,0,0,28,142,252,252,253,252,252,252,252,80,0,0,0,0,0,0,0,0,0,0,0,0,0,0,0,0,0,0,0,4,42,129,253,252,252,252,76,0,0,0,0,0,0,0,0,0,0,0,0,0,0,0,0,0,0,0,0,0,0,0,0,0,0,0,0,0,0,0,0,0,0,0,0,0,0,0,0,0,0,0,0,0,0,0,0,0,0,0,0,0,0,0,0,0,0,0,0,0,0,0,0,0,0,0,0,0,0,0,0,0,0,0,0,0,0,0,0,0,0,0,0,0,0,0,0,0,0,0,0,0
ID_14,0,0,0,0,0,0,0,0,0,0,0,0,0,0,0,0,0,0,0,0,0,0,0,0,0,0,0,0,0,0,0,0,0,0,0,0,0,0,0,0,0,0,0,0,0,0,0,0,0,0,0,0,0,0,0,0,0,0,0,0,0,0,0,0,0,0,0,0,0,0,0,0,0,0,0,0,0,0,0,0,0,0,0,0,0,0,0,0,0,0,0,0,0,0,0,0,0,0,0,0,0,0,0,0,0,0,0,0,0,0,0,0,0,0,0,0,0,0,0,0,0,0,0,0,0,0,0,0,0,0,16,143,186,254,184,2,0,0,0,0,0,0,0,0,0,0,0,0,0,0,0,0,0,0,0,50,110,116,222,253,253,253,253,96,0,0,0,0,0,0,0,0,0,0,0,0,0,0,0,0,0,0,98,236,253,253,253,253,253,253,253,208,0,0,0,0,0,0,0,0,0,0,0,0,0,0,0,0,0,0,197,253,253,253,253,253,253,235,241,208,0,0,0,0,0,0,0,0,0,0,0,0,0,0,0,0,42,151,252,253,253,253,253,217,109,6,28,66,0,0,0,0,0,0,0,0,0,0,0,0,0,0,4,103,237,253,253,253,200,124,58,13,0,0,0,0,0,0,0,0,0,0,0,0,0,0,0,0,7,153,193,253,253,253,253,142,0,0,0,0,0,0,0,0,0,0,0,0,0,0,0,0,0,0,0,0,130,253,253,253,253,239,96,3,0,0,0,0,0,0,0,0,0,0,0,0,0,0,0,0,0,0,0,25,232,253,253,253,253,155,39,0,0,0,0,0,0,0,0,0,0,0,0,0,0,0,0,0,0,0,0,143,253,253,253,253,253,253,251,127,0,0,0,0,0,0,0,0,0,0,0,0,0,0,0,0,0,0,0,39,235,250,253,253,253,253,253,253,118,0,0,0,0,0,0,0,0,0,0,0,0,0,0,0,0,0,0,0,0,28,94,94,188,240,253,253,231,49,0,0,0,0,0,0,0,0,0,0,0,0,0,0,0,0,0,0,0,0,0,0,0,30,199,253,253,184,0,0,0,0,0,0,0,0,0,0,0,0,0,0,0,0,0,0,0,0,0,0,0,0,37,240,253,238,0,0,0,0,0,0,0,0,0,0,0,0,0,0,0,0,0,0,10,0,0,0,0,0,5,209,253,246,42,0,0,0,0,0,0,0,0,0,0,0,0,0,0,0,4,144,201,80,18,80,18,80,153,253,253,253,84,0,0,0,0,0,0,0,0,0,0,0,0,0,0,0,155,253,253,253,239,253,239,253,253,253,253,251,112,0,0,0,0,0,0,0,0,0,0,0,0,0,0,0,209,253,253,253,253,253,253,253,253,253,253,238,0,0,0,0,0,0,0,0,0,0,0,0,0,0,0,0,209,253,253,253,253,253,253,253,253,253,202,64,0,0,0,0,0,0,0,0,0,0,0,0,0,0,0,0,49,153,161,253,253,253,253,253,155,113,20,0,0,0,0,0,0,0,0,0,0,0,0,0,0,0,0,0,0,0,0,0,0,0,0,0,0,0,0,0,0,0,0,0,0,0,0,0,0,0,0,0,0,0,0,0,0,0,0,0,0,0,0,0,0,0,0,0,0,0,0,0,0,0,0,0,0,0,0,0,0,0,0,0,0,0,0,0,0,0,0,0,0,0,0,0,0,0,0,0,0,0,0,0,0,0,0,0,0,0,0,0,0,0,0,0,0,0,0,0,0,0,0,0,0,0,0,0,0,0,0,0,0,0
ID_15,0,0,0,0,0,0,0,0,0,0,0,0,0,0,0,0,0,0,0,0,0,0,0,0,0,0,0,0,0,0,0,0,0,0,0,0,0,0,0,0,0,0,0,0,0,0,0,0,0,0,0,0,0,0,0,0,0,0,0,0,0,0,0,0,0,0,0,0,0,0,0,0,0,0,0,0,0,0,0,0,0,0,0,0,0,0,0,0,0,0,0,0,0,0,0,0,0,0,0,0,0,0,0,0,0,0,0,0,0,0,0,0,0,0,0,0,0,0,0,0,0,0,0,0,0,62,254,61,0,0,0,0,0,0,0,0,0,0,0,0,0,0,0,0,0,0,0,0,0,0,0,0,0,129,253,106,0,0,0,0,0,0,0,0,0,0,0,0,0,0,0,0,0,0,0,0,0,0,0,0,0,40,253,195,0,0,0,0,0,0,0,0,0,0,0,0,0,0,0,0,0,0,0,0,0,0,0,0,0,3,199,227,21,0,0,0,0,0,0,0,0,0,0,0,0,0,0,0,0,0,0,0,0,0,0,0,0,0,195,254,39,0,0,0,0,0,0,0,0,0,0,0,0,0,0,0,0,0,0,0,0,0,0,0,0,0,196,255,39,0,0,0,0,0,0,0,0,0,0,0,0,0,0,0,0,0,0,0,0,0,0,0,0,0,195,254,84,0,0,0,0,0,0,0,0,0,0,0,0,0,0,0,0,0,0,0,0,0,0,0,0,0,195,254,135,0,0,0,0,0,0,0,0,0,0,0,0,0,0,0,0,0,0,0,0,0,0,0,0,0,195,254,135,0,0,0,0,0,0,0,0,0,0,0,0,0,0,0,0,0,0,0,0,0,0,0,0,0,195,254,135,0,0,0,0,0,0,0,0,0,0,0,0,0,0,0,0,0,0,0,0,0,0,0,0,0,196,255,136,0,0,0,0,0,0,0,0,0,0,0,0,0,0,0,0,0,0,0,0,0,0,0,0,0,195,254,135,0,0,0,0,0,0,0,0,0,0,0,0,0,0,0,0,0,0,0,0,0,0,0,0,0,195,254,135,0,0,0,0,0,0,0,0,0,0,0,0,0,0,0,0,0,0,0,0,0,0,0,0,37,248,244,40,0,0,0,0,0,0,0,0,0,0,0,0,0,0,0,0,0,0,0,0,0,0,0,0,40,253,195,0,0,0,0,0,0,0,0,0,0,0,0,0,0,0,0,0,0,0,0,0,0,0,0,0,137,254,99,0,0,0,0,0,0,0,0,0,0,0,0,0,0,0,0,0,0,0,0,0,0,0,0,0,182,253,98,0,0,0,0,0,0,0,0,0,0,0,0,0,0,0,0,0,0,0,0,0,0,0,0,0,234,253,68,0,0,0,0,0,0,0,0,0,0,0,0,0,0,0,0,0,0,0,0,0,0,0,0,0,234,253,0,0,0,0,0,0,0,0,0,0,0,0,0,0,0,0,0,0,0,0,0,0,0,0,0,0,196,253,0,0,0,0,0,0,0,0,0,0,0,0,0,0,0,0,0,0,0,0,0,0,0,0,0,0,0,0,0,0,0,0,0,0,0,0,0,0,0,0,0,0,0,0,0,0,0,0,0,0,0,0,0,0,0,0,0,0,0,0,0,0,0,0,0,0,0,0,0,0,0,0,0,0,0,0,0,0,0,0,0,0,0,0,0,0,0,0,0,0,0,0,0,0,0,0,0,0,0,0,0,0,0,0,0,0,0,0,0,0,0,0,0,0,0,0,0,0,0,0,0,0,0,0,0
ID_16,0,0,0,0,0,0,0,0,0,0,0,0,0,0,0,0,0,0,0,0,0,0,0,0,0,0,0,0,0,0,0,0,0,0,0,0,0,0,0,0,0,0,0,0,0,0,0,0,0,0,0,0,0,0,0,0,0,0,0,0,0,0,0,0,0,0,0,0,0,0,0,0,0,0,0,0,0,0,0,0,0,0,0,0,0,0,0,0,0,0,0,0,0,0,0,0,0,0,0,5,101,130,29,0,0,0,0,0,0,0,0,0,0,0,0,0,0,0,0,0,0,0,0,0,0,3,40,222,253,253,216,29,0,0,0,0,0,0,0,0,0,0,0,0,0,0,0,0,0,0,0,0,4,126,253,253,253,253,253,166,0,0,0,0,0,0,0,0,0,0,0,0,0,0,0,0,0,0,0,0,117,253,253,253,253,246,236,154,0,0,0,0,0,0,0,0,0,0,0,0,0,0,0,0,0,0,0,5,178,253,253,253,211,70,32,17,0,0,0,0,0,0,0,0,0,0,0,0,0,0,0,0,0,0,5,130,253,253,253,244,98,0,0,0,0,0,0,0,0,0,0,0,0,0,0,0,0,0,0,0,0,5,70,253,253,253,253,110,0,0,0,0,0,0,0,0,0,0,0,0,0,0,0,0,0,0,0,0,0,50,253,253,253,244,176,22,0,0,0,0,0,0,0,0,0,0,0,0,0,0,0,0,0,0,0,0,0,149,253,253,253,204,0,0,0,44,56,56,56,56,56,32,0,0,0,0,0,0,0,0,0,0,0,0,36,174,253,253,253,155,90,186,186,239,253,253,253,253,253,224,186,35,0,0,0,0,0,0,0,0,0,10,227,253,253,253,253,253,253,253,253,253,253,253,253,253,253,253,253,162,0,0,0,0,0,0,0,0,2,84,253,253,253,253,253,253,253,253,253,253,229,179,73,164,210,253,253,217,0,0,0,0,0,0,0,0,107,253,253,253,253,253,253,253,196,172,139,49,34,0,0,32,213,253,253,129,0,0,0,0,0,0,0,0,130,253,253,253,253,253,114,43,13,0,0,0,0,73,88,213,253,253,213,25,0,0,0,0,0,0,0,0,237,253,253,253,253,253,229,193,94,25,26,94,193,247,253,253,253,166,25,0,0,0,0,0,0,0,0,0,255,253,253,253,253,253,253,253,253,231,231,253,253,253,253,165,42,3,0,0,0,0,0,0,0,0,0,0,142,253,253,253,253,253,253,253,253,253,253,222,148,106,24,3,0,0,0,0,0,0,0,0,0,0,0,0,76,253,253,253,253,253,234,218,174,112,18,13,0,0,0,0,0,0,0,0,0,0,0,0,0,0,0,0,1,18,135,205,181,135,52,8,4,0,0,0,0,0,0,0,0,0,0,0,0,0,0,0,0,0,0,0,0,0,0,3,2,0,0,0,0,0,0,0,0,0,0,0,0,0,0,0,0,0,0,0,0,0,0,0,0,0,0,0,0,0,0,0,0,0,0,0,0,0,0,0,0,0,0,0,0,0,0,0,0,0,0,0,0,0,0,0,0,0,0,0,0,0,0,0,0,0,0,0,0,0,0,0,0,0,0,0,0,0,0,0,0,0,0,0,0,0,0,0,0,0,0,0,0,0,0,0,0,0,0,0,0,0,0,0,0,0,0,0,0,0,0,0,0,0,0,0,0,0,0,0,0,0,0,0,0,0,0,0,0,0,0,0,0,0,0,0,0,0,0,0,0,0,0,0,0,0,0,0,0,0,0,0,0,0,0,0,0,0
ID_17,0,0,0,0,0,0,0,0,0,0,0,0,0,0,0,0,0,0,0,0,0,0,0,0,0,0,0,0,0,0,0,0,0,0,0,0,0,0,0,0,0,0,0,0,0,0,0,0,0,0,0,0,0,0,0,0,0,0,0,0,0,0,0,0,0,0,0,0,0,0,0,0,0,0,0,0,0,0,0,0,0,0,0,0,0,0,0,0,0,0,0,0,0,0,0,0,0,0,0,19,154,253,242,47,0,0,0,0,0,0,0,0,0,0,0,0,0,0,0,0,0,0,0,0,0,0,70,225,252,252,253,84,0,0,0,0,0,0,0,0,0,0,0,0,0,0,0,0,0,0,0,0,0,126,253,252,252,252,156,19,0,0,0,0,0,0,0,0,0,0,0,0,0,0,0,0,0,0,0,0,76,249,253,252,127,28,0,0,0,0,0,0,0,0,0,0,0,0,0,0,0,0,0,0,0,0,0,45,229,253,251,125,0,0,0,0,0,0,0,0,0,0,0,0,0,0,0,0,0,0,0,0,0,0,7,187,252,252,175,0,0,0,0,0,0,0,0,0,0,0,0,0,0,0,0,0,0,0,0,0,0,0,154,252,252,164,0,0,0,0,0,0,0,0,0,0,0,0,0,0,0,0,0,0,0,0,0,0,0,51,253,252,214,28,0,0,0,0,0,0,0,0,0,0,0,0,0,0,0,0,0,0,0,0,0,0,10,179,255,253,106,0,0,0,0,0,0,0,0,0,0,0,0,0,0,0,0,0,0,0,0,0,0,0,110,252,253,189,19,0,0,0,0,0,0,0,0,0,0,0,0,0,0,0,0,0,0,0,0,0,0,0,197,252,231,19,0,0,0,19,85,134,185,85,85,47,0,0,0,0,0,0,0,0,0,0,0,0,0,0,197,252,225,0,38,113,176,231,252,252,253,252,252,240,214,38,0,0,0,0,0,0,0,0,0,0,0,57,253,253,129,128,253,253,254,253,231,225,226,225,247,253,254,197,0,0,0,0,0,0,0,0,0,0,0,57,252,252,253,252,252,227,184,84,19,0,0,13,209,252,253,171,0,0,0,0,0,0,0,0,0,0,0,57,252,252,253,252,99,31,0,0,0,0,23,209,252,252,231,19,0,0,0,0,0,0,0,0,0,0,0,32,228,252,253,151,6,0,0,0,0,101,229,252,252,202,75,0,0,0,0,0,0,0,0,0,0,0,0,0,198,253,242,66,29,29,41,141,229,253,254,253,194,63,0,0,0,0,0,0,0,0,0,0,0,0,0,0,197,252,253,252,252,252,253,252,252,252,247,121,19,0,0,0,0,0,0,0,0,0,0,0,0,0,0,0,159,252,253,252,252,252,253,252,186,68,50,0,0,0,0,0,0,0,0,0,0,0,0,0,0,0,0,0,10,78,203,252,252,202,140,65,6,0,0,0,0,0,0,0,0,0,0,0,0,0,0,0,0,0,0,0,0,0,0,0,0,0,0,0,0,0,0,0,0,0,0,0,0,0,0,0,0,0,0,0,0,0,0,0,0,0,0,0,0,0,0,0,0,0,0,0,0,0,0,0,0,0,0,0,0,0,0,0,0,0,0,0,0,0,0,0,0,0,0,0,0,0,0,0,0,0,0,0,0,0,0,0,0,0,0,0,0,0,0,0,0,0,0,0,0,0,0,0,0,0,0,0,0,0,0,0,0,0,0,0,0,0,0,0,0,0,0,0,0,0,0,0,0,0,0,0,0,0,0,0,0,0,0,0,0,0,0,0
ID_18,0,0,0,0,0,0,0,0,0,0,0,0,0,0,0,0,0,0,0,0,0,0,0,0,0,0,0,0,0,0,0,0,0,0,0,0,0,0,0,0,0,0,0,0,0,0,0,0,0,0,0,0,0,0,0,0,0,0,0,0,0,0,0,0,0,0,0,0,0,0,0,0,0,0,0,0,0,0,0,0,0,0,0,0,0,0,0,0,0,0,0,0,0,0,0,0,0,0,0,0,0,0,0,0,0,0,0,0,0,0,0,0,0,0,0,0,0,0,0,0,0,0,0,0,0,0,0,0,0,0,0,0,0,0,0,0,0,0,0,0,0,0,0,0,0,0,0,0,0,0,0,0,0,0,0,0,0,0,0,0,0,0,0,0,0,0,0,0,0,0,0,0,0,0,0,0,0,0,0,0,0,0,0,0,0,29,85,85,163,226,225,193,85,38,0,0,0,0,0,0,0,0,0,0,0,38,57,32,0,0,0,32,198,215,252,252,252,253,252,252,252,142,0,0,0,0,0,0,0,0,0,10,29,178,252,216,97,0,19,153,253,242,223,208,161,225,223,230,249,223,0,0,0,0,0,0,0,0,0,85,252,252,252,253,27,0,169,252,112,74,0,0,0,0,0,25,99,0,0,0,0,0,0,0,0,0,51,238,253,178,140,79,0,0,16,63,0,0,0,0,0,0,0,0,0,0,0,0,0,0,0,0,0,0,159,252,252,161,0,0,0,0,0,0,0,0,0,0,0,0,0,0,0,0,0,0,0,0,0,0,0,0,253,252,252,84,0,0,0,0,0,0,0,0,0,0,0,0,0,0,0,0,0,0,0,0,0,0,0,0,146,249,252,196,91,0,0,0,0,0,0,0,0,0,0,0,0,0,0,0,0,0,0,0,0,0,0,0,0,146,252,252,252,141,94,0,0,0,0,0,0,0,0,0,0,0,0,0,0,0,0,0,0,0,0,0,0,48,166,253,253,255,253,222,113,113,0,0,0,0,0,0,0,0,0,0,0,0,0,0,0,0,0,0,0,0,6,43,167,206,252,252,252,252,85,9,0,0,0,0,0,0,0,0,0,0,0,0,0,0,0,0,0,0,0,0,0,88,214,252,252,252,190,12,0,0,0,0,0,0,0,0,0,0,0,0,0,0,0,0,0,0,0,0,0,0,28,90,205,252,253,106,0,0,0,0,0,0,0,0,0,0,0,0,0,0,0,0,0,0,0,0,0,0,0,57,252,252,190,12,0,0,0,0,0,0,0,0,0,0,0,0,0,0,0,0,0,0,0,0,0,0,147,253,253,253,79,0,0,0,0,0,0,0,0,0,0,0,0,0,0,0,0,0,0,0,51,225,225,226,249,252,252,252,79,0,0,0,0,0,0,0,0,0,0,0,0,0,0,0,0,0,0,0,44,202,252,253,252,252,151,55,0,0,0,0,0,0,0,0,0,0,0,0,0,0,0,0,0,0,0,0,0,26,223,225,223,114,74,0,0,0,0,0,0,0,0,0,0,0,0,0,0,0,0,0,0,0,0,0,0,0,0,0,0,0,0,0,0,0,0,0,0,0,0,0,0,0,0,0,0,0,0,0,0,0,0,0,0,0,0,0,0,0,0,0,0,0,0,0,0,0,0,0,0,0,0,0,0,0,0,0,0,0,0,0,0,0,0,0,0,0,0,0,0,0,0,0,0,0,0,0,0,0,0,0,0,0,0,0,0,0,0,0,0,0,0,0,0,0,0,0,0,0,0,0,0,0,0,0,0,0,0,0
ID_19,0,0,0,0,0,0,0,0,0,0,0,0,0,0,0,0,0,0,0,0,0,0,0,0,0,0,0,0,0,0,0,0,0,0,0,0,0,0,0,0,0,0,0,0,0,0,0,0,0,0,0,0,0,0,0,0,0,0,0,0,0,0,0,0,0,0,0,0,0,0,0,0,0,0,0,0,0,0,0,0,0,0,0,0,0,0,0,0,0,0,0,0,0,0,0,0,0,0,0,0,0,0,0,0,0,0,0,0,0,0,0,0,0,0,0,0,0,0,0,0,0,0,0,0,0,0,0,0,0,0,0,0,0,0,0,0,0,0,0,0,0,0,0,0,0,0,0,0,0,0,0,0,0,63,108,108,108,11,0,0,0,0,0,0,0,0,0,0,0,0,0,0,0,0,0,0,0,0,98,228,157,242,253,254,253,230,185,20,0,0,0,0,0,0,0,0,0,0,0,0,0,0,0,0,0,170,243,253,253,253,253,254,253,253,253,222,116,26,0,0,0,0,0,0,0,0,0,0,0,0,0,25,110,242,253,253,253,253,253,254,225,211,253,253,253,196,25,0,0,0,0,0,0,0,0,0,0,0,0,94,253,253,253,253,253,222,228,229,45,25,109,242,253,253,197,23,0,0,0,0,0,0,0,0,0,0,0,186,253,253,253,253,142,34,42,42,0,0,0,99,243,253,253,200,19,0,0,0,0,0,0,0,0,0,83,244,253,253,253,213,34,0,0,0,0,0,0,0,187,253,253,253,204,0,0,0,0,0,0,0,0,7,242,253,253,253,222,34,0,0,0,0,0,0,0,0,187,253,253,253,253,0,0,0,0,0,0,0,0,121,253,253,253,253,128,0,0,0,0,0,0,0,0,0,187,253,253,253,253,0,0,0,0,0,0,0,0,122,254,254,254,223,35,0,0,0,0,0,0,0,39,156,254,255,255,255,255,0,0,0,0,0,0,0,0,248,253,253,253,186,0,0,0,0,0,0,0,0,137,253,253,253,253,247,76,0,0,0,0,0,0,0,0,254,253,253,253,136,0,0,0,0,0,0,0,134,249,253,253,253,253,120,0,0,0,0,0,0,0,0,0,212,253,253,253,53,0,0,0,0,0,39,137,249,253,253,253,253,188,17,0,0,0,0,0,0,0,0,0,89,250,253,253,176,18,0,8,68,138,227,253,253,253,253,239,165,20,0,0,0,0,0,0,0,0,0,0,0,241,253,253,253,204,187,194,253,253,254,253,253,253,253,101,0,0,0,0,0,0,0,0,0,0,0,0,0,76,214,253,253,253,253,253,253,253,255,253,253,176,80,21,0,0,0,0,0,0,0,0,0,0,0,0,0,0,35,206,248,253,253,253,253,253,255,242,177,15,0,0,0,0,0,0,0,0,0,0,0,0,0,0,0,0,0,0,85,107,107,107,107,107,107,62,0,0,0,0,0,0,0,0,0,0,0,0,0,0,0,0,0,0,0,0,0,0,0,0,0,0,0,0,0,0,0,0,0,0,0,0,0,0,0,0,0,0,0,0,0,0,0,0,0,0,0,0,0,0,0,0,0,0,0,0,0,0,0,0,0,0,0,0,0,0,0,0,0,0,0,0,0,0,0,0,0,0,0,0,0,0,0,0,0,0,0,0,0,0,0,0,0,0,0,0,0,0,0,0,0,0,0,0,0,0,0,0,0,0,0,0,0,0,0,0,0,0,0,0,0,0,0,0,0,0,0,0,0,0,0,0,0,0,0,0,0,0,0,0,0,0,0,0,0,0,0
ID_20,0,0,0,0,0,0,0,0,0,0,0,0,0,0,0,0,0,0,0,0,0,0,0,0,0,0,0,0,0,0,0,0,0,0,0,0,0,0,0,0,0,0,0,0,0,0,0,0,0,0,0,0,0,0,0,0,0,0,0,0,0,0,0,0,0,0,0,0,0,0,0,0,0,0,0,0,0,0,0,0,0,0,0,0,0,0,0,0,0,0,0,0,0,0,0,0,0,0,0,0,0,0,0,0,0,0,0,0,0,0,0,0,0,0,0,0,0,0,0,0,0,51,138,255,253,253,253,148,11,0,0,0,0,0,0,0,0,0,0,0,0,0,0,0,0,0,0,0,34,174,252,253,252,252,252,252,193,17,0,0,0,0,0,0,0,0,0,0,0,0,0,0,0,0,0,0,184,252,252,253,208,183,208,252,253,123,0,0,0,0,0,0,0,0,0,0,0,0,0,0,0,0,0,38,240,252,252,253,92,0,17,150,253,206,0,0,0,0,0,0,0,0,0,0,0,0,0,0,0,0,0,47,252,252,252,232,8,0,0,0,86,113,0,0,0,0,0,0,0,0,0,0,0,0,0,0,0,0,0,47,253,253,253,116,0,0,0,0,0,0,0,0,0,0,0,0,0,0,0,0,0,0,0,0,0,0,0,38,240,252,252,136,0,0,0,0,0,0,0,0,0,0,0,0,0,0,0,0,0,0,0,0,0,0,0,0,153,252,252,247,99,0,0,0,0,0,0,0,0,0,0,32,0,0,0,0,0,0,0,0,0,0,0,0,13,121,252,253,244,150,0,0,0,0,0,0,0,62,207,196,17,0,0,0,0,0,0,0,0,0,0,0,0,9,128,253,252,246,188,11,0,0,0,0,158,243,252,252,45,0,0,0,0,0,0,0,0,0,0,0,0,0,0,97,253,253,253,253,139,159,253,253,253,255,253,122,0,0,0,0,0,0,0,0,0,0,0,0,0,81,161,253,252,252,252,252,253,252,252,252,252,249,132,25,0,0,0,0,0,0,0,0,0,0,0,0,19,220,252,253,252,252,252,252,253,252,252,252,189,63,0,0,0,0,0,0,0,0,0,0,0,0,0,0,164,252,252,253,252,252,252,252,253,252,252,210,12,0,0,0,0,0,0,0,0,0,0,0,0,0,0,0,184,252,252,253,157,22,22,22,201,252,252,252,22,0,0,0,0,0,0,0,0,0,0,0,0,0,0,0,185,253,253,255,92,0,0,0,202,253,253,253,23,0,0,0,0,0,0,0,0,0,0,0,0,0,0,0,163,252,252,253,194,78,89,109,253,252,252,252,22,0,0,0,0,0,0,0,0,0,0,0,0,0,0,0,19,188,252,253,252,252,252,252,253,252,252,153,6,0,0,0,0,0,0,0,0,0,0,0,0,0,0,0,0,59,160,253,252,252,252,252,253,252,227,29,0,0,0,0,0,0,0,0,0,0,0,0,0,0,0,0,0,0,0,23,96,168,200,200,190,117,16,0,0,0,0,0,0,0,0,0,0,0,0,0,0,0,0,0,0,0,0,0,0,0,0,0,0,0,0,0,0,0,0,0,0,0,0,0,0,0,0,0,0,0,0,0,0,0,0,0,0,0,0,0,0,0,0,0,0,0,0,0,0,0,0,0,0,0,0,0,0,0,0,0,0,0,0,0,0,0,0,0,0,0,0,0,0,0,0,0,0,0,0,0,0,0,0,0,0,0,0,0,0,0,0,0,0,0,0,0,0,0,0,0,0,0,0,0,0,0,0,0
ID_21,0,0,0,0,0,0,0,0,0,0,0,0,0,0,0,0,0,0,0,0,0,0,0,0,0,0,0,0,0,0,0,0,0,0,0,0,0,0,0,0,0,0,0,0,0,0,0,0,0,0,0,0,0,0,0,0,0,0,0,0,0,0,0,0,0,0,0,0,0,0,0,0,0,0,0,0,0,0,0,0,0,0,0,0,0,0,0,0,0,0,0,0,0,0,0,0,0,0,0,0,0,0,0,0,0,0,0,0,0,0,0,0,0,0,0,0,0,0,0,0,0,0,0,0,0,0,0,0,0,0,0,0,0,0,0,0,0,0,0,0,0,0,0,0,0,0,0,0,0,0,0,0,0,0,0,0,0,0,0,0,135,255,110,0,0,0,0,0,0,0,0,0,0,0,0,0,0,10,3,0,0,0,0,0,0,0,0,0,178,253,109,0,0,0,0,0,0,0,0,0,0,0,0,0,49,245,155,4,0,0,0,0,0,0,0,52,247,253,45,0,0,0,0,0,0,0,0,0,0,0,0,0,76,253,253,14,0,0,0,0,0,0,0,166,254,246,9,0,0,0,0,0,0,0,0,0,0,0,0,0,75,253,253,14,0,0,0,0,0,0,18,230,253,163,0,0,0,0,0,0,0,0,0,0,0,0,0,0,165,253,253,14,0,0,0,0,0,0,26,253,253,163,0,0,0,0,0,0,0,0,0,0,0,0,0,0,174,253,253,14,0,0,0,0,0,0,98,253,253,163,0,0,0,0,0,0,0,0,0,0,0,0,0,35,249,253,240,12,0,0,0,0,0,0,219,253,253,70,0,0,0,0,0,0,0,0,0,0,0,0,0,120,253,253,131,0,0,0,0,23,95,95,235,253,240,41,0,0,0,0,0,0,0,0,0,0,0,0,13,185,253,236,29,0,39,148,151,250,253,253,253,253,199,0,0,0,0,0,0,0,0,0,0,0,0,0,107,253,253,224,78,199,242,253,253,253,253,252,253,253,120,0,0,0,0,0,0,0,0,0,0,0,0,0,164,253,253,253,253,253,253,218,192,94,98,222,254,253,57,0,0,0,0,0,0,0,0,0,0,0,0,5,205,253,253,253,253,224,102,16,0,0,15,253,253,249,18,0,0,0,0,0,0,0,0,0,0,0,0,38,253,253,253,245,150,5,0,0,0,0,15,253,253,173,0,0,0,0,0,0,0,0,0,0,0,0,0,61,253,254,207,75,0,0,0,0,0,0,65,253,254,164,0,0,0,0,0,0,0,0,0,0,0,0,0,3,138,127,24,0,0,0,0,0,0,0,146,253,253,74,0,0,0,0,0,0,0,0,0,0,0,0,0,0,0,0,0,0,0,0,0,0,0,0,214,253,250,64,0,0,0,0,0,0,0,0,0,0,0,0,0,0,0,0,0,0,0,0,0,0,0,22,228,253,228,0,0,0,0,0,0,0,0,0,0,0,0,0,0,0,0,0,0,0,0,0,0,0,0,3,198,253,238,30,0,0,0,0,0,0,0,0,0,0,0,0,0,0,0,0,0,0,0,0,0,0,0,0,31,220,111,0,0,0,0,0,0,0,0,0,0,0,0,0,0,0,0,0,0,0,0,0,0,0,0,0,0,0,0,0,0,0,0,0,0,0,0,0,0,0,0,0,0,0,0,0,0,0,0,0,0,0,0,0,0,0,0,0,0,0,0,0,0,0,0,0,0,0,0,0,0,0,0,0,0,0,0,0,0,0,0,0,0,0,0,0,0,0,0,0,0,0,0,0
ID_22,0,0,0,0,0,0,0,0,0,0,0,0,0,0,0,0,0,0,0,0,0,0,0,0,0,0,0,0,0,0,0,0,0,0,0,0,0,0,0,0,0,0,0,0,0,0,0,0,0,0,0,0,0,0,0,0,0,0,0,0,0,0,0,0,0,0,0,0,0,0,0,0,0,0,0,0,0,0,0,0,0,0,0,0,0,0,0,0,0,0,0,0,0,0,0,0,0,0,0,0,0,0,0,0,0,0,0,0,0,0,0,0,0,0,0,0,0,0,0,0,0,0,0,0,0,0,0,0,0,0,0,0,0,0,0,0,0,0,0,0,0,0,0,0,0,0,0,0,0,0,0,0,0,0,0,0,0,0,0,0,0,0,0,0,0,0,0,0,0,0,0,0,0,0,0,0,0,0,0,0,0,0,0,0,0,0,0,0,0,0,0,0,0,0,0,0,0,0,0,0,0,0,0,0,0,0,40,48,130,151,151,151,151,237,50,0,0,0,0,0,0,0,0,0,0,0,0,0,0,0,0,66,101,198,245,254,254,254,254,254,254,254,83,0,0,0,0,0,0,0,0,0,0,0,0,0,0,62,237,252,255,254,255,232,218,116,114,189,254,255,83,0,0,0,0,0,0,0,0,0,0,0,0,0,0,84,214,231,171,145,67,26,0,0,0,135,254,254,83,0,0,0,0,0,0,0,0,0,0,0,0,0,0,0,11,15,0,0,0,0,0,0,0,232,254,252,75,0,0,0,0,0,0,0,0,0,0,0,0,0,0,0,0,0,0,0,0,0,0,0,0,240,254,234,0,0,0,0,0,0,0,0,0,0,0,0,0,0,0,0,0,0,0,0,0,0,0,0,0,240,254,234,0,0,0,0,0,0,0,0,0,0,0,0,0,0,0,0,0,0,0,0,0,0,0,0,0,240,254,165,0,0,0,0,0,0,0,0,0,0,0,0,0,0,0,0,0,0,0,0,0,0,0,0,2,240,254,129,0,0,0,0,0,0,0,0,0,0,0,0,0,0,0,0,0,0,0,0,0,0,0,0,111,254,254,66,0,0,0,0,0,0,0,0,0,0,0,0,0,0,0,0,0,0,0,0,0,0,0,17,217,254,224,16,0,0,0,0,0,0,0,0,0,0,0,0,0,0,0,0,0,0,0,0,0,0,0,42,254,254,117,0,0,0,0,0,0,0,0,0,0,0,0,0,0,0,0,0,0,0,0,0,0,0,0,122,254,254,73,0,0,0,0,0,0,0,0,0,0,0,0,0,0,0,0,0,0,0,0,0,0,0,0,159,254,238,34,0,0,0,0,0,0,0,0,0,0,0,0,0,0,0,0,0,0,0,0,0,0,0,31,252,254,191,0,0,0,0,0,0,0,0,0,0,0,0,0,0,0,0,0,0,0,0,0,0,0,0,100,254,254,68,0,0,0,0,0,0,0,0,0,0,0,0,0,0,0,0,0,0,0,0,0,0,0,0,128,254,254,15,0,0,0,0,0,0,0,0,0,0,0,0,0,0,0,0,0,0,0,0,0,0,0,3,205,254,214,9,0,0,0,0,0,0,0,0,0,0,0,0,0,0,0,0,0,0,0,0,0,0,0,53,254,254,166,0,0,0,0,0,0,0,0,0,0,0,0,0,0,0,0,0,0,0,0,0,0,0,0,53,254,237,56,0,0,0,0,0,0,0,0,0,0,0,0,0,0,0,0,0,0,0,0,0,0,0,0,0,0,0,0,0,0,0,0,0,0,0,0,0,0,0,0,0
ID_23,0,0,0,0,0,0,0,0,0,0,0,0,0,0,0,0,0,0,0,0,0,0,0,0,0,0,0,0,0,0,0,0,0,0,0,0,0,0,0,0,0,0,0,0,0,0,0,0,0,0,0,0,0,0,0,0,0,0,0,0,0,0,0,0,0,0,0,0,0,0,0,0,0,0,0,0,0,0,0,0,0,0,0,0,0,0,0,0,0,0,0,0,0,0,0,0,0,0,0,0,0,0,0,0,0,0,0,0,0,0,0,0,0,0,0,0,0,0,0,0,0,0,0,128,191,255,255,255,255,255,191,0,0,0,0,0,0,0,0,0,0,0,0,0,0,0,0,0,0,64,191,255,255,128,128,128,64,191,255,255,64,0,0,0,0,0,0,0,0,0,0,0,0,0,0,0,0,191,255,64,0,0,0,0,0,0,64,64,255,64,0,0,0,0,0,0,0,0,0,0,0,0,0,0,0,191,64,0,0,0,0,0,0,0,0,0,255,191,0,0,0,0,0,0,0,0,0,0,0,0,0,0,0,0,0,0,0,0,0,0,0,0,0,0,191,255,0,0,0,0,0,0,0,0,0,0,0,0,0,0,0,0,0,0,0,0,0,0,0,0,0,0,0,255,191,0,0,0,0,0,0,0,0,0,0,0,0,0,0,0,0,0,0,0,0,0,0,0,0,0,0,255,255,0,0,0,0,0,0,0,0,0,0,0,0,0,0,0,0,0,0,0,0,0,0,0,0,0,0,128,255,0,0,0,0,0,0,0,0,0,0,0,0,0,0,0,0,0,0,0,0,0,0,0,0,0,0,128,255,0,0,0,0,0,0,0,0,0,0,0,0,0,0,0,0,0,0,0,0,0,0,0,0,0,0,128,0,0,0,0,0,0,0,0,0,0,0,0,0,0,0,0,0,0,0,0,128,128,64,0,0,0,0,255,64,0,0,0,0,0,0,0,0,0,0,0,0,0,0,64,128,255,255,255,255,255,255,255,128,64,128,255,0,0,0,0,0,0,0,0,0,0,0,0,0,0,128,255,255,128,128,0,128,128,128,64,191,255,255,255,0,0,0,0,0,0,0,0,0,0,0,0,0,128,255,191,0,0,0,0,0,0,0,0,0,128,255,255,255,0,0,0,0,0,0,0,0,0,0,0,64,255,255,64,0,0,0,0,0,0,0,0,0,128,128,64,128,0,0,0,0,0,0,0,0,0,0,0,128,255,255,0,0,0,0,0,0,0,0,0,0,0,0,0,0,0,0,0,0,0,0,0,0,0,0,0,128,255,255,128,0,0,0,0,0,0,0,0,0,0,0,0,0,0,0,0,0,0,0,0,0,0,0,0,0,255,255,255,191,0,0,0,0,64,128,64,0,0,0,0,0,0,0,0,0,0,0,0,0,0,0,0,0,0,128,255,255,255,255,191,255,191,128,0,0,0,0,0,0,0,0,0,0,0,0,0,0,0,0,0,0,0,0,64,191,255,255,128,64,0,0,0,0,0,0,0,0,0,0,0,0,0,0,0,0,0,0,0,0,0,0,0,0,0,0,0,0,0,0,0,0,0,0,0,0,0,0,0,0,0,0,0,0,0,0,0,0,0,0,0,0,0,0,0,0,0,0,0,0,0,0,0,0,0,0,0,0,0,0,0,0,0,0,0,0,0,0,0,0,0,0,0,0,0,0,0,0,0,0,0,0,0,0,0,0,0,0,0,0,0,0,0,0,0,0,0,0,0,0,0,0,0,0,0,0,0,0,0,0,0,0,0,0,0
ID_24,0,0,0,0,0,0,0,0,0,0,0,0,0,0,0,0,0,0,0,0,0,0,0,0,0,0,0,0,0,0,0,0,0,0,0,0,0,0,0,0,0,0,0,0,0,0,0,0,0,0,0,0,0,0,0,0,0,0,0,0,0,0,0,0,0,0,0,0,0,0,0,0,0,0,0,0,0,0,0,0,0,0,0,0,0,0,0,0,0,0,0,0,0,0,0,0,0,0,0,0,0,0,0,0,0,0,0,0,0,0,0,0,0,0,0,0,0,0,0,89,113,113,255,253,253,253,253,255,253,119,0,0,0,0,0,0,0,0,0,0,0,0,0,0,0,0,123,246,252,252,253,252,252,252,252,253,252,246,122,0,0,0,0,0,0,0,0,0,0,0,0,0,0,120,246,252,252,220,196,195,195,195,195,222,252,252,246,88,0,0,0,0,0,0,0,0,0,0,0,0,0,253,252,230,129,37,0,0,0,0,0,38,218,252,252,205,0,0,0,0,0,0,0,0,0,0,0,0,0,253,204,25,0,0,0,0,0,0,0,0,38,221,252,252,79,0,0,0,0,0,0,0,0,0,0,0,0,0,0,0,0,0,0,0,0,0,0,0,0,57,253,253,141,0,0,0,0,0,0,0,0,0,0,0,0,0,0,0,0,0,0,0,0,0,0,0,0,57,252,252,241,24,0,0,0,0,0,0,0,0,0,0,0,0,0,0,0,0,0,0,0,0,0,0,0,57,252,252,253,27,0,0,0,0,0,0,0,0,0,0,0,0,0,0,0,0,0,0,0,0,0,0,0,57,252,252,240,24,0,0,0,0,0,0,0,0,0,0,0,0,0,0,0,0,0,0,0,0,0,0,0,135,252,252,140,0,0,0,0,0,0,0,0,0,0,0,0,0,0,0,0,0,0,0,0,0,0,0,38,222,253,253,141,0,0,0,0,0,0,0,0,0,0,0,0,0,0,0,57,163,226,225,146,225,146,85,140,252,252,252,15,0,0,0,0,0,0,0,0,0,0,0,0,0,0,13,187,252,253,252,252,252,252,253,252,252,252,252,0,0,0,0,0,0,0,0,0,0,0,0,0,0,0,73,252,252,253,242,223,227,252,253,252,252,252,252,0,0,0,0,0,0,0,0,0,0,0,0,0,0,0,197,252,252,190,74,0,13,189,253,252,252,252,252,0,0,0,0,0,0,0,0,0,0,0,0,0,0,0,198,253,253,0,0,26,207,253,255,253,253,253,253,255,90,0,0,0,0,0,0,0,0,0,0,0,0,0,150,252,252,163,131,231,252,252,253,223,167,224,252,253,195,85,28,0,0,0,0,0,0,0,0,0,0,0,57,252,252,253,252,252,252,252,196,52,0,137,252,253,252,252,215,119,0,0,0,0,0,0,0,0,0,0,19,180,252,253,252,252,233,145,0,0,0,10,84,225,233,252,233,145,0,0,0,0,0,0,0,0,0,0,0,13,112,253,204,112,37,0,0,0,0,0,0,0,38,112,37,0,0,0,0,0,0,0,0,0,0,0,0,0,0,0,0,0,0,0,0,0,0,0,0,0,0,0,0,0,0,0,0,0,0,0,0,0,0,0,0,0,0,0,0,0,0,0,0,0,0,0,0,0,0,0,0,0,0,0,0,0,0,0,0,0,0,0,0,0,0,0,0,0,0,0,0,0,0,0,0,0,0,0,0,0,0,0,0,0,0,0,0,0,0,0,0,0,0,0,0,0,0,0,0,0,0,0,0,0,0,0,0,0,0,0,0
ID_25,0,0,0,0,0,0,0,0,0,0,0,0,0,0,0,0,0,0,0,0,0,0,0,0,0,0,0,0,0,0,0,0,0,0,0,0,0,0,0,0,0,0,0,0,0,0,0,0,0,0,0,0,0,0,0,0,0,0,0,0,0,0,0,0,0,0,0,0,0,0,0,0,0,0,0,0,0,0,0,0,0,0,0,0,0,0,0,0,0,0,0,0,0,0,0,0,0,0,0,0,0,0,0,0,0,0,0,0,0,0,0,0,0,0,0,0,0,0,0,0,0,0,0,0,0,0,0,0,0,0,0,0,0,0,0,0,0,0,0,0,0,0,0,0,0,0,0,0,0,0,0,0,0,0,0,0,0,0,0,0,0,0,0,0,0,0,0,0,0,0,0,0,0,0,0,0,0,0,0,0,59,148,210,254,179,34,0,0,0,0,0,0,0,0,0,0,0,0,0,0,0,0,0,0,0,0,0,131,243,253,254,253,253,184,7,0,0,0,0,0,0,0,0,0,0,0,0,0,0,0,0,0,0,0,131,252,253,249,208,125,186,253,100,0,0,0,0,0,0,0,0,0,0,0,0,0,0,0,0,0,0,59,243,253,205,51,0,0,4,208,104,0,0,0,0,0,0,0,0,0,0,0,0,0,0,0,0,0,0,105,253,200,25,0,0,0,145,246,104,0,0,0,0,0,0,0,0,0,0,0,0,0,0,0,0,0,0,180,254,81,0,0,0,25,245,254,52,0,0,0,0,0,0,0,0,0,0,0,0,0,0,0,0,0,0,179,253,15,0,0,0,100,253,212,14,0,0,0,0,0,0,0,0,0,0,0,0,0,0,0,0,0,0,109,200,2,0,0,64,246,253,108,0,0,0,0,0,0,0,0,0,0,0,0,0,0,0,0,0,0,0,70,253,123,59,163,254,253,228,14,0,0,0,0,0,0,0,0,0,0,0,0,0,0,0,0,0,0,0,4,170,253,253,253,254,253,163,0,0,0,0,0,0,0,0,0,0,0,0,0,0,0,0,0,0,0,0,0,0,120,171,128,255,254,133,0,0,0,0,0,0,0,0,0,0,0,0,0,0,0,0,0,0,0,0,0,0,0,0,0,254,253,28,0,0,0,0,0,0,0,0,0,0,0,0,0,0,0,0,0,0,0,0,0,0,0,0,49,254,214,5,0,0,0,0,0,0,0,0,0,0,0,0,0,0,0,0,0,0,0,0,0,0,0,0,89,254,180,0,0,0,0,0,0,0,0,0,0,0,0,0,0,0,0,0,0,0,0,0,0,0,0,0,193,254,97,0,0,0,0,0,0,0,0,0,0,0,0,0,0,0,0,0,0,0,0,0,0,0,0,0,224,255,76,0,0,0,0,0,0,0,0,0,0,0,0,0,0,0,0,0,0,0,0,0,0,0,0,11,231,254,80,0,0,0,0,0,0,0,0,0,0,0,0,0,0,0,0,0,0,0,0,0,0,0,0,72,253,226,3,0,0,0,0,0,0,0,0,0,0,0,0,0,0,0,0,0,0,0,0,0,0,0,0,107,253,189,0,0,0,0,0,0,0,0,0,0,0,0,0,0,0,0,0,0,0,0,0,0,0,0,0,32,244,84,0,0,0,0,0,0,0,0,0,0,0,0,0,0,0,0,0,0,0,0,0,0,0,0,0,0,0,0,0,0,0,0,0,0,0,0,0,0,0,0,0,0,0,0,0,0,0,0,0,0,0,0,0,0,0,0,0,0,0,0,0,0,0,0,0,0,0,0,0
ID_26,0,0,0,0,0,0,0,0,0,0,0,0,0,0,0,0,0,0,0,0,0,0,0,0,0,0,0,0,0,0,0,0,0,0,0,0,0,0,0,0,0,0,0,0,0,0,0,0,0,0,0,0,0,0,0,0,0,0,0,0,0,0,0,0,0,0,0,0,0,0,0,0,0,0,0,0,0,0,0,0,0,0,0,0,0,0,0,0,0,0,0,0,0,0,0,0,0,0,0,0,0,0,0,0,0,0,0,0,0,0,0,0,0,0,0,0,0,0,0,0,0,0,0,0,0,0,0,0,0,0,0,0,0,0,0,0,0,0,0,0,0,0,0,0,0,0,0,0,0,0,0,0,0,0,0,0,0,0,0,87,255,41,0,0,0,0,0,0,0,0,0,0,0,0,0,0,0,0,0,37,14,0,0,0,0,0,3,208,253,120,0,0,0,0,0,0,0,0,0,0,0,0,0,0,0,0,8,167,239,64,0,0,0,0,70,254,253,120,0,0,0,0,0,0,0,0,0,0,0,0,0,0,0,0,117,254,254,151,0,0,0,0,78,254,254,33,0,0,0,0,0,0,0,0,0,0,0,0,0,0,0,23,205,254,226,19,0,0,0,5,194,254,198,6,0,0,0,0,0,0,0,0,0,0,0,0,0,0,3,174,253,253,151,0,0,0,0,67,253,241,46,0,0,0,0,0,0,0,0,0,0,0,0,0,0,0,127,253,253,192,4,0,0,0,0,187,253,229,0,0,0,0,0,0,0,0,0,0,0,0,0,0,2,40,225,253,253,104,40,41,138,139,202,251,253,242,70,3,0,0,0,0,0,0,0,0,0,0,0,0,11,254,254,254,254,254,254,254,254,254,254,254,253,254,253,146,62,0,0,0,0,0,0,0,0,0,0,0,11,253,254,253,253,253,253,235,203,244,254,253,240,126,203,223,167,4,0,0,0,0,0,0,0,0,0,0,2,114,149,148,137,49,49,31,0,204,254,253,141,0,0,20,0,0,0,0,0,0,0,0,0,0,0,0,0,0,0,0,0,0,0,0,12,216,254,239,0,0,0,0,0,0,0,0,0,0,0,0,0,0,0,0,0,0,0,0,0,0,0,0,102,253,254,148,0,0,0,0,0,0,0,0,0,0,0,0,0,0,0,0,0,0,0,0,0,0,0,0,249,253,237,29,0,0,0,0,0,0,0,0,0,0,0,0,0,0,0,0,0,0,0,0,0,0,0,0,250,254,194,0,0,0,0,0,0,0,0,0,0,0,0,0,0,0,0,0,0,0,0,0,0,0,0,68,252,253,124,0,0,0,0,0,0,0,0,0,0,0,0,0,0,0,0,0,0,0,0,0,0,0,0,187,254,254,180,31,0,0,0,0,0,0,0,0,0,0,0,0,0,0,0,0,0,0,0,0,0,0,30,239,254,252,61,0,0,0,0,0,0,0,0,0,0,0,0,0,0,0,0,0,0,0,0,0,0,0,41,254,254,231,0,0,0,0,0,0,0,0,0,0,0,0,0,0,0,0,0,0,0,0,0,0,0,0,40,253,253,71,0,0,0,0,0,0,0,0,0,0,0,0,0,0,0,0,0,0,0,0,0,0,0,0,0,0,0,0,0,0,0,0,0,0,0,0,0,0,0,0,0,0,0,0,0,0,0,0,0,0,0,0,0,0,0,0,0,0,0,0,0,0,0,0,0,0,0,0,0,0,0,0,0,0,0,0,0,0,0,0,0,0,0,0,0,0,0,0,0,0,0,0,0,0,0,0
ID_27,0,0,0,0,0,0,0,0,0,0,0,0,0,0,0,0,0,0,0,0,0,0,0,0,0,0,0,0,0,0,0,0,0,0,0,0,0,0,0,0,0,0,0,0,0,0,0,0,0,0,0,0,0,0,0,0,0,0,0,0,0,0,0,0,0,0,0,0,0,0,0,0,0,0,0,0,0,0,0,0,0,0,0,0,0,0,0,0,0,0,0,0,0,0,0,0,0,0,0,0,0,0,0,0,0,0,0,0,0,0,0,0,0,0,0,0,0,0,0,0,0,0,0,0,0,0,0,0,0,0,0,0,0,0,0,0,0,0,0,0,0,0,0,0,0,0,0,0,0,0,0,0,0,0,0,0,0,0,0,0,0,0,0,0,0,0,0,0,0,0,0,0,0,0,0,0,0,0,0,0,0,0,0,0,0,0,8,195,255,151,0,0,0,0,0,0,0,0,0,0,0,0,0,0,0,0,0,0,0,0,0,0,0,14,187,253,253,235,43,0,0,0,0,0,0,0,0,0,0,0,0,0,0,0,0,0,0,0,0,0,17,183,253,220,82,82,23,0,0,0,0,0,0,0,0,0,0,0,0,0,0,0,0,0,0,0,0,17,182,253,253,35,0,0,0,0,0,0,0,0,0,0,0,0,0,0,0,0,0,0,0,0,0,0,0,101,253,220,113,1,0,0,0,0,0,0,0,0,0,0,0,0,0,0,0,0,0,0,0,0,0,0,37,245,253,158,0,0,0,0,0,0,0,0,0,0,0,0,0,0,0,0,0,0,0,0,0,0,0,15,145,253,122,7,0,0,0,0,0,0,0,0,0,0,0,0,0,0,0,0,0,0,0,0,0,0,1,152,253,209,26,0,0,0,0,0,0,0,0,0,0,0,0,0,0,0,0,0,0,0,0,0,0,0,101,253,247,64,0,0,0,0,0,0,0,0,0,0,0,0,0,0,0,0,0,0,0,0,0,0,0,0,243,248,162,0,0,0,0,0,0,0,0,0,0,0,0,0,0,0,0,0,0,0,0,0,0,0,0,83,251,138,0,0,0,0,0,0,0,0,0,0,0,0,0,0,0,0,0,0,0,0,0,0,0,0,34,217,248,18,0,0,0,0,0,0,0,0,0,0,0,0,0,0,0,0,0,0,0,0,0,0,0,0,89,253,139,0,0,0,0,0,0,0,0,0,0,0,0,0,0,0,0,0,0,0,0,0,0,0,0,0,205,253,13,0,0,0,0,0,0,0,0,0,0,0,0,0,0,0,0,0,0,0,0,0,0,0,0,42,234,191,5,0,0,0,0,0,0,0,0,0,0,0,0,0,0,0,0,0,0,0,0,0,0,0,0,72,253,125,0,0,0,0,0,0,0,0,0,0,0,0,0,0,0,0,0,0,0,0,0,0,0,0,0,127,253,29,0,0,0,0,0,0,0,0,0,0,0,0,0,0,0,0,0,0,0,0,0,0,0,0,0,48,238,29,0,0,0,0,0,0,0,0,0,0,0,0,0,0,0,0,0,0,0,0,0,0,0,0,0,0,160,130,0,0,0,0,0,0,0,0,0,0,0,0,0,0,0,0,0,0,0,0,0,0,0,0,0,0,48,73,116,0,0,0,0,0,0,0,0,0,0,0,0,0,0,0,0,0,0,0,0,0,0,0,0,0,0,0,0,0,0,0,0,0,0,0,0,0,0,0,0,0,0,0,0,0,0,0,0,0,0,0,0,0,0,0,0,0,0,0,0,0,0,0,0,0,0,0,0,0,0,0
ID_28,0,0,0,0,0,0,0,0,0,0,0,0,0,0,0,0,0,0,0,0,0,0,0,0,0,0,0,0,0,0,0,0,0,0,0,0,0,0,0,0,0,0,0,0,0,0,0,0,0,0,0,0,0,0,0,0,0,0,0,0,0,0,0,0,0,0,0,0,0,0,0,0,0,0,0,0,0,0,0,0,0,0,0,0,0,0,0,0,0,0,0,0,0,0,0,0,0,0,0,0,0,0,0,0,0,0,0,0,0,0,0,0,0,0,0,0,0,0,0,0,0,0,0,0,0,0,0,0,0,0,0,0,0,0,0,0,0,0,0,0,0,0,0,0,0,0,0,0,0,0,0,0,16,73,73,73,73,73,73,80,228,228,70,0,0,0,0,0,0,0,0,0,0,0,0,0,0,0,0,42,233,253,253,253,254,253,253,253,253,254,160,0,0,0,0,0,0,0,0,0,0,0,0,0,0,0,0,131,253,253,253,253,254,253,253,253,240,217,137,0,0,0,0,0,0,0,0,0,0,0,0,0,0,0,40,254,253,250,163,144,144,125,54,54,35,0,0,0,0,0,0,0,0,0,0,0,0,0,0,0,0,0,124,254,253,120,0,0,0,0,0,0,0,0,0,0,0,0,0,0,0,0,0,0,0,0,0,0,0,38,228,255,199,0,0,0,0,0,0,0,0,0,0,0,0,0,0,0,0,0,0,0,0,0,0,0,0,128,253,254,95,0,0,0,0,0,0,0,0,0,0,0,0,0,0,0,0,0,0,0,0,0,0,0,0,199,253,254,168,49,21,0,0,0,0,0,0,0,0,0,0,0,0,0,0,0,0,0,0,0,0,0,0,128,253,254,253,253,223,77,0,0,0,0,0,0,0,0,0,0,0,0,0,0,0,0,0,0,0,0,0,31,136,163,181,253,253,253,98,0,0,0,0,0,0,0,0,0,0,0,0,0,0,0,0,0,0,0,0,0,0,0,0,79,98,207,255,102,0,0,0,0,0,0,0,0,0,0,0,0,0,0,0,0,0,0,0,0,20,0,0,0,0,7,234,229,21,0,0,0,0,0,0,0,0,0,0,0,0,0,0,0,0,0,0,88,139,0,0,0,0,0,86,253,81,0,0,0,0,0,0,0,0,0,0,0,0,0,0,0,0,0,0,109,253,40,0,0,0,0,73,253,165,0,0,0,0,0,0,0,0,0,0,0,0,0,0,0,0,0,0,109,253,155,0,0,0,0,137,253,151,0,0,0,0,0,0,0,0,0,0,0,0,0,0,0,0,0,0,14,233,255,102,0,0,0,255,254,69,0,0,0,0,0,0,0,0,0,0,0,0,0,0,0,0,0,0,0,129,254,229,100,16,152,254,253,36,0,0,0,0,0,0,0,0,0,0,0,0,0,0,0,0,0,0,0,46,228,253,253,227,253,254,193,5,0,0,0,0,0,0,0,0,0,0,0,0,0,0,0,0,0,0,0,0,42,200,253,253,253,254,37,0,0,0,0,0,0,0,0,0,0,0,0,0,0,0,0,0,0,0,0,0,0,16,162,253,253,169,5,0,0,0,0,0,0,0,0,0,0,0,0,0,0,0,0,0,0,0,0,0,0,0,0,0,0,0,0,0,0,0,0,0,0,0,0,0,0,0,0,0,0,0,0,0,0,0,0,0,0,0,0,0,0,0,0,0,0,0,0,0,0,0,0,0,0,0,0,0,0,0,0,0,0,0,0,0,0,0,0,0,0,0,0,0,0,0,0,0,0,0,0,0,0
ID_29,0,0,0,0,0,0,0,0,0,0,0,0,0,0,0,0,0,0,0,0,0,0,0,0,0,0,0,0,0,0,0,0,0,0,0,0,0,0,0,0,0,0,0,0,0,0,0,0,0,0,0,0,0,0,0,0,0,0,0,0,0,0,0,0,0,0,0,0,0,0,0,0,0,0,0,0,0,0,0,0,0,0,0,0,0,0,0,0,0,0,0,0,0,0,0,0,0,0,0,0,0,0,0,0,0,0,0,0,0,0,0,0,0,0,0,0,0,0,0,0,0,0,0,0,0,0,0,0,0,0,0,0,0,0,0,0,0,0,0,0,0,0,0,0,0,0,0,0,0,0,0,0,14,157,187,228,237,133,4,0,0,0,0,0,0,0,0,0,0,0,0,0,0,0,0,0,0,0,0,24,160,234,207,254,254,225,193,1,0,0,0,0,0,0,0,0,0,0,0,0,0,0,0,0,0,0,81,134,254,73,57,141,138,208,239,80,0,0,0,0,0,0,0,0,0,0,0,0,0,0,0,0,0,30,188,208,154,28,0,0,0,36,234,137,0,0,0,0,0,0,0,0,0,0,0,0,0,0,0,0,78,228,203,137,0,0,0,0,0,0,63,187,0,0,0,0,0,0,0,0,0,0,0,0,0,0,0,0,168,246,206,52,0,0,0,0,0,0,37,230,169,6,0,0,0,0,0,0,0,0,0,0,0,0,2,68,239,229,0,0,0,0,0,0,0,0,55,237,254,12,0,0,0,0,0,0,0,0,0,0,0,0,13,254,252,172,0,0,0,0,0,0,8,135,200,241,254,12,0,0,0,0,0,0,0,0,0,0,0,0,25,254,234,0,0,0,0,0,0,37,150,254,254,254,208,7,0,0,0,0,0,0,0,0,0,0,0,0,56,254,234,0,0,0,0,21,113,221,254,254,244,163,23,0,0,0,0,0,0,0,0,0,0,0,0,0,7,203,251,150,139,213,213,234,254,254,254,254,134,0,0,0,0,0,0,0,0,0,0,0,0,0,0,0,0,29,254,254,254,254,254,254,194,254,254,207,12,0,0,0,0,0,0,0,0,0,0,0,0,0,0,0,0,3,33,165,248,196,113,181,206,254,254,67,0,0,0,0,0,0,0,0,0,0,0,0,0,0,0,0,0,0,0,3,26,4,6,42,254,254,206,4,0,0,0,0,0,0,0,0,0,0,0,0,0,0,0,0,0,0,0,0,0,0,10,149,254,254,179,0,0,0,0,0,0,0,0,0,0,0,0,0,0,0,0,0,0,0,0,0,0,0,38,254,254,241,31,0,0,0,0,0,0,0,0,0,0,0,0,0,0,0,0,0,0,0,0,0,0,0,62,254,254,153,0,0,0,0,0,0,0,0,0,0,0,0,0,0,0,0,0,0,0,0,0,0,0,0,70,254,254,173,0,0,0,0,0,0,0,0,0,0,0,0,0,0,0,0,0,0,0,0,0,0,0,0,200,254,254,124,0,0,0,0,0,0,0,0,0,0,0,0,0,0,0,0,0,0,0,0,0,0,0,0,68,241,168,2,0,0,0,0,0,0,0,0,0,0,0,0,0,0,0,0,0,0,0,0,0,0,0,0,0,0,0,0,0,0,0,0,0,0,0,0,0,0,0,0,0,0,0,0,0,0,0,0,0,0,0,0,0,0,0,0,0,0,0,0,0,0,0,0,0,0,0,0,0,0,0,0,0,0,0,0,0,0,0,0,0,0,0,0,0,0,0,0,0,0,0,0,0,0,0,0
ID_30,0,0,0,0,0,0,0,0,0,0,0,0,0,0,0,0,0,0,0,0,0,0,0,0,0,0,0,0,0,0,0,0,0,0,0,0,0,0,0,0,0,0,0,0,0,0,0,0,0,0,0,0,0,0,0,0,0,0,0,0,0,0,0,0,0,0,0,0,0,0,0,0,0,0,0,0,0,0,0,0,0,0,0,0,0,0,0,0,0,0,0,0,0,0,0,0,0,0,0,0,0,0,0,0,0,0,0,0,0,0,0,0,0,0,0,0,0,0,0,0,0,0,0,0,0,0,30,207,254,254,25,0,0,0,0,0,0,0,0,0,0,0,0,0,0,0,0,0,0,0,0,0,0,50,230,254,253,253,149,0,0,0,0,0,0,0,0,0,0,0,0,0,0,0,0,0,0,0,0,0,37,242,253,254,253,253,250,138,22,0,0,0,0,0,0,0,0,0,0,0,0,0,0,0,0,0,0,64,202,253,253,254,253,253,253,253,160,0,0,0,0,0,0,0,0,0,0,0,0,0,0,0,0,0,20,199,253,253,253,254,253,253,253,253,223,39,0,0,0,0,0,0,0,0,0,0,0,0,0,0,0,0,175,253,253,253,253,204,165,165,250,253,253,170,0,0,0,0,0,0,0,0,0,0,0,0,0,0,0,3,201,253,253,253,147,10,0,0,185,253,253,242,0,0,0,0,0,0,0,0,0,0,0,0,0,0,4,138,253,253,253,187,13,0,0,0,19,238,253,242,0,0,0,0,0,0,0,0,0,0,0,0,0,0,23,253,253,253,240,46,0,0,0,0,0,166,253,251,74,0,0,0,0,0,0,0,0,0,0,0,0,0,120,253,253,253,161,0,0,0,0,0,0,118,253,253,99,0,0,0,0,0,0,0,0,0,0,0,0,57,250,254,254,229,0,0,0,0,0,0,0,167,254,254,100,0,0,0,0,0,0,0,0,0,0,0,0,100,253,253,253,131,0,0,0,0,0,0,6,189,253,253,99,0,0,0,0,0,0,0,0,0,0,0,0,100,253,253,253,89,0,0,0,0,0,0,206,253,253,244,17,0,0,0,0,0,0,0,0,0,0,0,0,100,253,253,253,22,0,0,0,0,45,176,253,253,253,233,0,0,0,0,0,0,0,0,0,0,0,0,0,100,253,253,253,22,0,0,49,167,227,253,253,253,234,55,0,0,0,0,0,0,0,0,0,0,0,0,0,100,253,253,253,60,55,171,247,254,253,253,253,234,108,0,0,0,0,0,0,0,0,0,0,0,0,0,0,96,253,253,253,243,245,253,253,254,253,253,233,55,0,0,0,0,0,0,0,0,0,0,0,0,0,0,0,0,224,253,253,253,253,253,253,255,242,165,4,0,0,0,0,0,0,0,0,0,0,0,0,0,0,0,0,0,51,253,253,253,253,253,253,210,82,0,0,0,0,0,0,0,0,0,0,0,0,0,0,0,0,0,0,0,3,57,143,244,234,143,47,15,0,0,0,0,0,0,0,0,0,0,0,0,0,0,0,0,0,0,0,0,0,0,0,0,0,0,0,0,0,0,0,0,0,0,0,0,0,0,0,0,0,0,0,0,0,0,0,0,0,0,0,0,0,0,0,0,0,0,0,0,0,0,0,0,0,0,0,0,0,0,0,0,0,0,0,0,0,0,0,0,0,0,0,0,0,0,0,0,0,0,0,0,0,0,0,0,0,0,0,0,0,0,0,0,0,0,0,0,0,0,0,0,0,0,0,0,0,0,0,0,0,0,0,0
